排名,排名变化,姓名,财富（亿元人民币）,涨幅,公司,居住地,主业,年龄
1,0,钟睒睒,4550,17%,养生堂,浙江杭州,饮料、医疗保健,68
2,0,张一鸣,2450,-28%,字节跳动,北京,社交媒体,39
3,0,曾毓群,2300,-28%,宁德时代,福建宁德,锂电池,54
4,4,李嘉诚家族,2200,2%,长江实业,香港,投资,94
5,-1,马化腾,2150,-32%,腾讯,广东深圳,互联网服务,51
6,8,丁磊,1950,14%,网易,浙江杭州,互联网技术,51
7,2,何享健家族,1900,-11%,美的,广东佛山,家电制造、房地产,80
8,7,秦英林、钱瑛夫妇,1850,9%,牧原,河南南阳,畜牧,"57, 56"
9,-4,马云家族,1800,-29%,阿里系,浙江杭州,电子商务、金融科技,58
10,-4,黄峥,1700,-26%,拼多多,上海,购物网站,42
11,1,陈建华、范红卫夫妇,1500,-16%,恒力,江苏苏州,化纤、石化、房地产,"51, 55"
11,17,刘永行、刘相宇父子,1500,15%,东方希望,上海,氧化铝、重化工、饲料,"74, 47"
11,14,吕向阳、张长虹夫妇,1500,10%,融捷,广东广州,投资,"60, 61"
14,1,李兆基,1450,-15%,恒基兆业,香港,房地产,94
14,6,王传福,1450,2%,比亚迪,广东深圳,汽车、充电电池,56
14,-4,王卫,1450,-25%,顺丰,香港,快递,52
14,16,严昊,1450,16%,太平洋建设,江苏南京,基础建设,36
18,0,郑家纯家族,1400,-10%,周大福,香港,房地产,75
19,14,李蔡美灵家族,1350,13%,李锦记,香港,调味品,-
19,-6,李书福家族,1350,-23%,吉利,浙江杭州,汽车制造,59
21,-4,庞康,1300,-18%,海天味业,广东佛山,调味品,66
21,-14,魏建军、韩雪娟夫妇,1300,-40%,长城,河北保定,汽车制造,"58, 56"
23,7,刘汉元、管亚梅夫妇,1250,0%,通威,四川成都,新能源、农业,"58, 58"
24,15,吴光正家族,1200,9%,会德丰,香港,房地产,76
25,-6,王兴,1150,-21%,美团,北京,生活服务,43
26,-2,黄世霖,1100,-20%,宁德时代,福建宁德,锂电池,55
26,11,李西廷,1100,-4%,迈瑞,新加坡,医疗器械,71
26,10,王文银家族,1100,-5%,正威,广东深圳,有色金属贸易,54
26,9,徐航,1100,-7%,迈瑞、鹏瑞,广东深圳,医疗器械、房地产,60
30,-4,刘强东、章泽天夫妇,1050,-22%,京东,北京,电子商务、金融,49
30,7,严彬,1050,-9%,华彬,北京,饮料、地产,68
32,36,吕志和家族,1000,33%,银河,香港,博彩,93
32,9,王健林家族,1000,-5%,万达,北京,房地产、文化,68
32,1,宗庆后家族,1000,-17%,娃哈哈,浙江杭州,饮料,77
35,-14,罗立国家族,980,-30%,合盛,浙江宁波,硅材料,66
36,-10,陈邦,950,-30%,爱尔眼科,湖南长沙,医疗服务,57
36,5,刘永好家族,950,-10%,新希望,四川成都,农业、化工、金融,71
36,36,张刚家族,950,32%,信发铝电,山东聊城,电解铝、氧化铝,41
36,-7,张志东,950,-25%,腾讯,广东深圳,互联网服务,50
40,11,刘銮雄家族,910,1%,华人置业,香港,房地产,71
41,20,林立,885,9%,立业,广东深圳,投资,59
42,4,陈东升家族,825,-13%,泰康,北京,保险,65
43,-22,蒋仁生家族,820,-41%,智飞生物,重庆,疫苗,69
43,0,郑淑良家族,820,-20%,魏桥创业,山东滨州,铝业、纺织,76
45,69,赵长鹏,800,54%,币安,迪拜,虚拟货币交易所,45
46,13,李彦宏、马东敏夫妇,755,-10%,百度,北京,网络信息服务,"54, 52"
47,41,杜双华,750,21%,日照钢铁,山东日照,钢铁,57
47,-26,雷军,750,-46%,小米,北京,智能硬件与技术、投资,53
47,-36,杨惠妍家族,750,-59%,碧桂园,广东佛山,房地产、教育,41
50,15,王玉锁、赵宝菊夫妇,735,-6%,新奥,河北廊坊,天然气、能源化工,"58, 57"
50,-4,吴亚军家族,735,-23%,龙湖,北京,房地产,58
52,-7,党彦宝,730,-27%,宝丰,宁夏银川,煤化工,49
53,1,李振国、李喜燕夫妇,725,-18%,隆基,陕西西安,硅材料,"54, 54"
54,52,靳保芳家族,710,29%,晶澳科技,河北邢台,光伏,70
54,-11,李水荣,710,-31%,荣盛控股,浙江杭州,化纤,66
56,26,梁稳根,700,4%,三一,湖南长沙,重型机械,66
57,18,邝肖卿,695,-1%,新鸿基,香港,房地产,93
57,-2,徐浩宇家族,695,-21%,扬子江药业,江苏泰州,医药,50
59,-8,其实家族,690,-23%,东方财富,上海,信息服务,52
60,-11,裴振华、容建芬夫妇,685,-26%,天华超净,江苏苏州,超净产品,"63, 59"
61,32,黄楚龙家族,650,10%,星河,广东深圳,房地产、投资,63
61,13,李华,650,-8%,卓越,广东深圳,房地产,56
63,27,朱保国家族,640,7%,健康元,广东深圳,医药,60
64,-13,龚虹嘉、陈春梅夫妇,615,-32%,海康威视,香港,视频监控产品,"57, 57"
64,91,李泽楷,615,62%,电讯盈科,香港,电信,56
64,61,汪俊林,615,28%,郎酒,四川成都,房地产、白酒,60
67,-21,张勇、舒萍夫妇,610,-36%,海底捞,新加坡,餐饮,"51, 52"
68,11,刘金成、骆锦红夫妇,605,-13%,亿纬锂能,广东惠州,锂电池,"58, 55"
69,-6,缪汉根、朱红梅夫妇,595,-26%,盛虹,江苏苏州,印染、化纤、房地产,"57, 59"
70,-1,于泳,590,-20%,鸿商产业,上海,钼矿,-
71,20,姚良松,585,-2%,欧派家居,广东广州,橱柜,58
71,-16,张聪渊家族,585,-34%,华利实业,广东中山,鞋业,74
73,22,陈丽华,580,0%,富华,北京,房地产、紫檀博物馆,81
73,10,蒋卫平家族,580,-12%,天齐,四川遂宁,锂矿,67
75,18,郭台铭,570,-3%,鸿海,台湾台北,电子制造,72
76,23,沈国军家族,565,-2%,银泰,北京,零售、房地产、物流,60
76,29,王来胜、王雅媛父女,565,2%,立讯精密,广东深圳,消费电子,"58, 30"
76,159,邬建树,565,113%,拓普,浙江宁波,汽车零部件制造,58
79,31,王来春,560,5%,立讯精密,广东深圳,消费电子,55
79,217,张和君,560,149%,德业股份,浙江宁波,电器零部件制造,70
81,62,高纪凡家族,525,22%,天合光能,江苏常州,光伏产品,57
82,-2,孙飘扬,520,-23%,恒瑞,江苏连云港,医药,64
83,1,曹仁贤,510,-22%,阳光电源,安徽合肥,光伏设备,54
83,3,李平,510,-20%,宁德时代,福建宁德,锂电池,54
83,-26,林建华、张虹夫妇,510,-40%,福斯特,浙江杭州,光伏材料,"60, 62"
83,-8,钟慧娟,510,-27%,翰森,江苏连云港,医药,61
87,30,陈天桥、雒芊芊夫妇,500,0%,盛大,美国加州,投资,"49, 48"
87,31,赖海民,500,0%,鸿荣源,广东深圳,房地产,56
87,-29,汪立平家族,500,-41%,恒立液压,江苏常州,高压油缸,56
87,38,汪滔,500,4%,大疆,广东深圳,无人机,42
87,62,许仰天,500,25%,希音,广东广州,电商,39
87,-14,朱孟依家族,500,-30%,合生创展,广东广州,房地产、投资,63
93,11,赵燕家族,495,-12%,华熙国际,北京,生物医药、房地产,56
94,-7,蔡崇信,490,-22%,阿里系,香港,电子商务、金融科技,58
94,1,杜纪川,490,-16%,金士顿科技,美国洛杉矶,半导体,81
94,1,孙大卫,490,-16%,金士顿科技,美国洛杉矶,半导体,71
94,208,严昕,490,123%,苏商,江苏淮安,基础设施建设,39
98,39,孙寿宽,480,7%,嘉晨,辽宁营口,钢铁、耐火材料、煤化工,73
99,17,方威,460,-10%,方大,北京,碳素、钢铁、煤焦,49
99,42,简军,460,5%,爱美客,北京,生物制药,59
101,-35,丁世忠,455,-41%,安踏,福建厦门,体育用品,52
102,-27,李革、赵宁夫妇,450,-36%,药明康德,上海,医药,"55, 56"
102,73,李天颖家族,450,32%,新鸿基,香港,房地产,-
102,20,鲁伟鼎家族,450,-8%,万向,浙江杭州,汽车制造业、房地产、农业,51
105,5,程雪,440,-18%,海天味业,广东佛山,调味品,52
105,-38,丁世家,440,-42%,安踏,福建厦门,体育用品,58
105,-34,李晓明家族,440,-39%,恩捷股份,云南玉溪,包装盒生产,64
105,122,王一鸣家族,440,60%,锦浪科技,浙江宁波,光伏逆变器,41
109,-3,蔡奎家族,435,-21%,龙湖,香港,房地产,61
110,-10,阮洪良家族,430,-25%,福莱特,浙江嘉兴,玻璃,61
110,24,阮立平,430,-7%,公牛,浙江宁波,插座,58
110,24,阮学平,430,-7%,公牛,浙江宁波,插座,50
110,41,孙广信,430,10%,广汇,新疆乌鲁木齐,汽车销售、能源、房地产,60
114,121,项光达,425,60%,青山控股,浙江温州,钢铁,64
114,46,朱艳家族,425,18%,贝壳,北京,房地产服务,51
116,28,赖梅松,420,-1%,中通,上海,物流,52
116,-53,虞仁荣,420,-48%,韦尔股份,上海,半导体,56
118,53,沈文荣,415,20%,沙钢,江苏苏州,钢铁,76
118,-23,谢炳家族,415,-28%,中生制药,香港,医药,70
118,21,许世辉家族,415,-7%,达利食品,福建泉州,食品,65
121,28,蔡衍明家族,410,2%,旺旺,台湾台北,食品,65
122,-61,周群飞、郑俊龙夫妇,405,-50%,蓝思科技,湖南长沙,电子器件制造,"52, 50"
123,42,胡凯军,400,14%,远大,北京,医药,60
123,-63,马建荣家族,400,-51%,申洲针织,浙江宁波,纺织、服装,57
123,24,米高·嘉道理家族,400,-2%,中电,香港,能源,81
126,-35,郭广昌,390,-34%,复星,上海,投资,55
126,39,宋建波家族,390,11%,南山,山东烟台,铝业、纺织、房地产,52
128,-10,陈发树,385,-23%,新华都,福建福州,医药、零售、投资,61
129,-89,许荣茂家族,380,-65%,世茂,香港,房地产,72
129,53,张志祥,380,15%,建龙,北京,钢铁、矿业、船运,55
131,33,刘益谦家族,370,4%,新理益,上海,投资,59
131,51,苏海文家族,370,12%,BW,香港,物流,81
133,-19,高德康家族,365,-30%,波司登,江苏苏州,服装,70
133,-4,张茵家族,365,-23%,玖龙纸业,广东东莞,环保造纸,65
135,40,黄如论、黄涛家族,355,4%,世纪金源,北京,房地产,"71, 46"
135,-55,李贤义家族,355,-47%,信义,香港,玻璃,70
135,New,张国华家族,355,New,长荣集团,台湾台北,物流、钢铁,67
138,27,唐彬森,350,0%,元气森林,北京,饮料,40
138,New,张雷,350,New,远景能源,江苏无锡,风电,46
140,-55,邓伟明、吴小歌夫妇,345,-47%,中伟股份,湖南长沙,工业产品,"54, 50"
140,56,梁庆德家族,345,11%,格兰仕,广东佛山,家电,85
140,662,薛敏,345,283%,联影医疗,上海,医疗设备,61
140,198,喻会蛟家族,345,73%,圆通速递,上海,物流,56
140,72,张道才家族,345,17%,三花控股,浙江绍兴,工业设备、汽车零部件、房地产,72
145,6,陈金霞,340,-13%,涌金投资,英国伦敦,医药、投资,54
145,70,陈志列、王蓉夫妇,340,17%,研祥,广东深圳,特种计算机,"59, -"
145,-27,姜滨、胡双美夫妇,340,-32%,歌尔股份,山东潍坊,声学及多媒体产品,"56, 56"
145,6,李想,340,-13%,理想汽车,北京,新能源汽车,41
149,33,聂腾云、陈立英夫妇,335,2%,韵达,上海,物流,"46, 47"
149,16,张宏伟,335,-4%,东方,北京,能源、零售,68
151,-51,何小鹏,330,-42%,小鹏汽车,广东广州,新能源汽车,45
151,-51,霍斯特·帕德威尔家族,330,-42%,创科实业,香港,消费品,77
151,-33,梁丰、邵晓梅夫妇,330,-34%,璞泰来,上海,锂电池材料,"54, -"
151,-41,徐金富,330,-38%,天赐材料,广东广州,化学原料制品,58
155,27,李春安,325,-2%,隆基,陕西西安,硅材料,54
155,-47,李良彬,325,-40%,赣锋锂业,江西新余,有色金属冶炼加工,55
155,-46,李晓华家族,325,-40%,恩捷股份,云南玉溪,包装盒生产,60
155,-30,施永宏、李海燕夫妇,325,-32%,海底捞,北京,餐饮,"52, 50"
159,-34,郭炳联家族,320,-33%,新鸿基,香港,房地产,69
159,-27,郭基辉家族,320,-32%,新鸿基,香港,房地产,39
159,33,涂辉龙,320,0%,海雅,广东深圳,商业、金融、地产,63
159,43,汪建,320,7%,华大基因、碳云,广东深圳,基因检测、医疗大数据,68
163,49,林张素娥家族,315,7%,联邦,台湾台北,房地产、金融,-
163,17,史玉柱、史静父女,315,-6%,巨人,上海,金融、在线游戏、投资,"60, -"
165,37,陈华家族,310,3%,京基,广东深圳,房地产、投资,56
165,50,陈凯旋、李若虹夫妇,310,7%,立白,广东广州,日化用品,64
165,-36,王文京,310,-35%,用友,北京,软件与信息服务,58
165,6,张峻、陶美萦夫妇,310,-10%,富德,广东深圳,保险,59
169,251,李丐腾家族,305,79%,飞科电器,上海,小家电,51
169,-9,林木勤、林煜鹏父子,305,-15%,东鹏饮料,广东深圳,食品饮料,"58, -"
169,-37,杨建良家族,305,-35%,上机数控,江苏无锡,设备制造,53
172,-7,陈红天家族,300,-14%,祥祺,香港,投资、房地产,63
172,43,李义海、李鑫父子,300,3%,济民可信,江西南昌,医药,"59, -"
172,10,缪寿良,300,-9%,富源,广东深圳,房地产、水电,67
172,-13,沈南鹏,300,-19%,红杉,香港,投资,55
172,43,夏佐全,300,3%,比亚迪,广东深圳,汽车、充电电池,59
172,-102,许家印,300,-59%,恒大,广东广州,房地产、投资,64
172,30,朱鼎健家族,300,0%,观澜湖,广东深圳,房地产,48
179,23,董建成家族,290,-3%,东方海外,香港,运输,79
179,-149,李小冬,290,-77%,冬海集团,新加坡,网络游戏、电商,44
179,-69,林斌,290,-46%,小米,北京,智能硬件与技术,54
179,-79,钱东奇、钱程父子,290,-49%,科沃斯,江苏苏州,机器人,"64, 32"
179,17,谢青,290,-6%,飞塔,美国旧金山,网路安全,59
179,-40,尤小平家族,290,-35%,华峰,浙江温州,化工、铝业、投资,64
179,33,赵涛家族,290,-2%,步长,北京,医药,56
186,41,蔡宏图家族,280,2%,霖园,台湾台北,金融服务,70
186,16,辜林瑞慧家族,280,-7%,中信金控,台湾台北,金融服务,89
186,-35,黄立、黄晟父子,280,-28%,高德电气,湖北武汉,电子制造,"59, 33"
186,61,沈华、胡畏夫妇,280,10%,斯达半导,浙江嘉兴,半导体,"59, 58"
186,-57,唐金奎、朱玉琴夫妇,280,-41%,盛虹,江苏苏州,印染、化纤、房地产,"67, -"
186,937,张红超,280,331%,蜜雪冰城,河南郑州,餐饮,46
186,937,张红甫,280,331%,蜜雪冰城,河南郑州,餐饮,38
186,-21,周建平家族,280,-20%,海澜,江苏无锡,服装、投资,61
186,66,朱共山家族,280,12%,协鑫,香港,太阳能芯片、发电厂,64
195,-54,黄毅,275,-38%,中升控股,辽宁大连,汽车销售,59
195,-40,宿华,275,-28%,快手科技,北京,传媒娱乐,40
197,55,蔡志明,270,8%,旭日国际,香港,玩具,77
197,34,徐波,270,0%,多益网络,广东广州,网络游戏,45
199,103,董经贵、钱静红夫妇,265,20%,雅迪,上海,电动车,"52, 47"
199,-149,袁征家族,265,-71%,zoom,美国旧金山,视频软件,52
199,-17,张磊,265,-20%,高瓴资本,香港,投资,50
202,29,何超琼,260,-4%,信德、美高梅中国,香港,博彩,60
202,1422,孙纪木、孙春莉夫妇,260,505%,新华联合冶金,北京,钢铁,"66, -"
202,100,许文龙家族,260,18%,奇美,台湾台南,化工,94
202,39,薛华,260,0%,海大,广东广州,饲料,52
202,13,张文中,260,-10%,物美,北京,零售,60
207,55,蔡政达家族,255,4%,霖园,台湾台北,金融服务,-
207,213,李留法、李凤娈夫妇,255,50%,天瑞,河南平顶山,水泥、铝业,"65, 60"
207,-32,李卫国,255,-25%,东方雨虹,湖南长沙,防水材料,57
207,14,谢华,255,-11%,飞塔,美国旧金山,网路安全,53
207,-85,朱林瑶,255,-48%,华宝国际,广东深圳,香精香料、烟草,52
212,19,安康家族,250,-7%,华兰生物,河南新乡,生物制药,73
212,347,陈大年,250,92%,wifi万能钥匙,上海,上网平台,44
212,-37,杜江涛、郝虹夫妇,250,-26%,君正,内蒙古乌海,能源化工,"53, 53"
212,120,郭梅兰、张寓帅母子,250,22%,东阳光,广东东莞,医药、电子新材料,"59, 35"
212,-10,洪杰,250,-17%,三棵树,福建莆田,涂料,55
212,-13,江南春,250,-18%,分众传媒,上海,数字新媒体、投资,49
212,-76,冷友斌,250,-45%,中国飞鹤,北京,乳业,53
212,50,米恩华,250,2%,华凌工贸,新疆乌鲁木齐,地产、畜牧,64
212,168,徐旭东,250,35%,远东,台湾新北,金融服务,81
212,-67,杨建文家族,250,-40%,伯恩光学,香港,工业产品,69
222,40,罗秋平、潘东夫妇,245,0%,蓝月亮,广东广州,日化用品,"59, 57"
222,-51,杨绍鹏,245,-29%,海丰,上海,航运,66
224,17,曹其峰,240,-8%,永新,香港,杂货,76
224,578,陈士斌、邵静夫妇,240,167%,石英股份,江苏连云港,石英制品,"56, -"
224,-135,陈志平,240,-60%,思摩尔,广东深圳,电子烟,46
224,-22,冯海良,240,-20%,海亮,浙江绍兴,铜加工、投资,62
224,38,林百里家族,240,-2%,广达电脑,台湾桃园,消费电子,73
224,-42,王燕清、倪亚兰夫妇,240,-27%,先导智能,江苏无锡,自动化设备,"56, -"
224,28,叶澄海、廖清清夫妇,240,-4%,信立泰,广东深圳,医药,"79, 73"
224,-64,张虔生家族,240,-33%,日月光,台湾高雄,工业品、房地产,77
224,59,周泽荣,240,4%,侨鑫,广东深圳,房地产、投资,68
233,-58,林秀成、林志强父子,235,-31%,三安,福建厦门,LED,"67, 48"
233,-34,周晓萍家族,235,-23%,星宇股份,江苏常州,汽车灯具,61
235,-33,曾小山家族,230,-23%,曾氏企业,湖南长沙,铝业,77
235,-88,车建兴,230,-44%,红星美凯龙,上海,房地产,56
235,27,钭正刚、尉雪凤夫妇,230,-6%,锦江,浙江杭州,能源、化工,69
235,277,黄炽恒,230,64%,海伦堡,广东广州,房地产、投资,-
235,48,廖龙星,230,0%,长春,台湾台北,化工,-
235,48,林书鸿,230,0%,长春,台湾台北,化工,94
235,80,茅理翔家族,230,7%,方太厨具,浙江宁波,厨具,81
235,128,吴以岭家族,230,21%,以岭,河北石家庄,医药,73
235,12,修涞贵、李艳华夫妇,230,-10%,修正药业,吉林长春,医药,"67, 64"
235,48,郑正,230,0%,长春,台湾台北,化工,-
245,-46,曾芳勤,225,-26%,领益智造,广东深圳,消费电子精密件,57
245,-49,李力,225,-27%,爱尔眼科,湖南长沙,医疗服务,57
245,17,林鸿南家族,225,-8%,宏泰,台湾台北,投资,55
245,76,倪祖根家族,225,7%,莱克电气,江苏苏州,小家电,65
245,-14,潘来灿,225,-17%,海天味业,广东佛山,调味品,-
245,-54,谢良志、李翰园夫妇,225,-31%,神州,北京,生物制药,"56, -"
251,11,蔡东晨,220,-10%,石药,河北石家庄,医药,69
251,112,崔根良、崔巍父子,220,16%,亨通,江苏苏州,电缆、热能电力、投资,"64, 36"
251,21,胡柏藩,220,-8%,新和成,浙江绍兴,医药,60
251,-24,黄联禧、左笑萍夫妇,220,-20%,联塑,广东佛山,建材家居,"59, 49"
251,87,黄文仔,220,10%,星河湾,广东广州,房地产、投资,69
251,156,李赶坡,220,26%,敬业,河北石家庄,钢铁,73
251,-28,刘卫平,220,-21%,卫龙,河南漯河,食品,43
251,-16,穆荣均,220,-17%,美团,北京,生活服务,42
251,70,吴向东,220,5%,华泽,北京,酒业、投资,53
251,70,张松桥,220,5%,中渝,香港,房地产,58
261,60,蔡镇宇,215,2%,宝丰隆,台湾台北,金融,69
261,11,曹德旺,215,-10%,福耀玻璃,福建福州,玻璃,76
261,-59,程一笑,215,-28%,快手科技,北京,传媒娱乐,37
261,54,董凡,215,0%,健帆生物,广东珠海,生物医疗设备,52
261,438,范现国、范明强父子,215,115%,今麦郎,河北邢台,速食,"62, -"
261,-20,解氏家族,215,-17%,中植,北京,投资,61
261,77,王麒诚、吴艳夫妇,215,8%,汉鼎宇佑,上海,文化传媒、投资,"42, 41"
261,11,吴光明、吴群父子,215,-10%,鱼跃医疗,江苏镇江,医疗设备,"60, 34"
269,New,蔡浩宇,210,New,米哈游,上海,游戏,35
269,-98,蔡明兴家族,210,-39%,富邦,台湾台北,金融服务,65
269,111,陈雪华,210,14%,华友钴业,浙江嘉兴,有色金属,61
269,81,高兴江,210,8%,永兴特钢,浙江湖州,不锈钢,59
269,33,刘克振家族,210,-5%,研华,台湾台北,电脑设备,68
269,336,张剑、张格格父女,210,75%,爱玛,天津,电动自行车,"53, 29"
275,46,陈永泰,205,-2%,震旦,台湾台北,办公家具、房地产,86
275,-23,季琦,205,-18%,华住,上海,连锁酒店,56
275,-151,鲁忠芳、李永新母子,205,-58%,中公教育,北京,教育,"80, 46"
275,8,易如波,205,-11%,中昂,重庆,房地产,46
279,-44,岑均达,200,-25%,恒瑞、翰森,江苏连云港,医药,58
279,169,陈明永,200,25%,OPPO,广东东莞,消费电子产品,53
279,59,黄柏年,200,0%,外滩中心,上海,房地产,66
279,4,黄伟、李萍夫妇,200,-13%,新湖,浙江杭州,房地产、金融,"63, -"
279,-119,姜照柏,200,-44%,鹏欣,上海,乳业、房地产、投资,59
279,23,潘石屹、张欣夫妇,200,-9%,SOHO中国,美国纽约,房地产,"59, 57"
279,-7,史贵禄家族,200,-17%,荣民,陕西西安,房地产,57
279,303,吴少勋,200,60%,劲牌,湖北黄石,保健酒,66
287,-105,蔡明忠家族,195,-41%,富邦,台湾台北,金融服务,66
287,-93,黄敏利、许慧卿夫妇,195,-38%,敏华,香港,休闲沙发,"57, 59"
287,-150,李斌,195,-57%,蔚来、易车,上海,电动车,48
287,51,李锂、李坦夫妇,195,-3%,海普瑞,广东深圳,医药,"58, 58"
287,New,邵建雄,195,New,禾迈股份,浙江杭州,光伏逆变器,58
287,-132,孙宏斌,195,-49%,融创,天津,房地产,59
287,-35,吴冠江、刘铁鹰夫妇,195,-22%,智飞生物,重庆,疫苗,"54, -"
287,28,尹衍梁家族,195,-9%,润泰,台湾台北,建筑开发、金融保险,72
287,161,周剑,195,22%,迈为股份,江苏苏州,智能制造装备,46
296,-73,傅利泉、陈爱玲夫妇,190,-32%,大华技术,浙江杭州,软件、电子通讯产品,"55, 55"
296,42,郭振宇、KevinGuo父子,190,-5%,贝泰妮,云南昆明,护肤品,"59, 28"
296,0,赖建平,190,-16%,海天味业,广东佛山,调味品,-
296,-141,李华,190,-50%,富途,香港,金融服务,44
296,-49,李文斌家族,190,-25%,俊发,香港,房地产,47
296,67,彭国远,190,0%,心里程,广东深圳,教育、房地产,36
296,506,戚金兴、戚加奇父子,190,111%,滨江,浙江杭州,房地产,"60, 34"
296,111,沈炜,190,9%,VIVO,广东东莞,消费电子产品,52
296,84,王华君、吴兰兰夫妇,190,3%,裕同包装,广东深圳,包装,"52, 48"
296,36,王水福,190,-7%,西子联合控股,浙江杭州,电梯、锅炉、房地产,67
296,36,王正华、王煜父子,190,-7%,春秋航空,上海,航空,"78, 52"
296,0,虞锋家族,190,-16%,云锋基金,上海,投资,59
296,6,张力、张量父子,190,-14%,富力地产,广东广州,房地产、矿业,"69, 40"
309,41,顾江生家族,185,-5%,顾家家居,浙江杭州,家具,59
309,123,李仲初家族,185,12%,石基,北京,软件与信息服务,59
309,-88,林宏修家族,185,-35%,融侨,福建福州,房地产,71
309,-26,刘炽平,185,-20%,腾讯,广东深圳,互联网服务,49
309,-13,彭蕾,185,-18%,阿里系,新加坡,电子商务、金融科技,51
309,203,彭铁缆,185,32%,博深集团,湖南长沙,企业服务,47
309,82,邱敏秀家族,185,3%,晶盛机电,浙江绍兴,机电设备,77
309,-107,叶小平,185,-38%,泰格医药,浙江杭州,医药,59
309,New,张国涛、卢依雯夫妇,185,New,迪阿,广东深圳,珠宝首饰,"37, 35"
309,-26,赵丰刚,185,-20%,宁德时代,福建宁德,锂电池,56
319,1147,郭恩元家族,180,267%,普阳钢铁,河北邯郸,钢铁,74
319,44,黄茂如、张静夫妇,180,-5%,茂业,广东深圳,房地产,"57, -"
319,263,林陈海家族,180,44%,宝佳,台湾新北,房地产,77
319,-36,汪建国、汪浩父子,180,-22%,五星投资,江苏南京,电子商务、儿童用品连锁,"62, -"
319,-78,王希成家族,180,-31%,玲珑轮胎,山东烟台,轮胎,74
319,-139,王振华、王晓松父子,180,-46%,新城,上海,房地产,"60, 35"
319,72,谢伟通,180,0%,华友钴业,浙江嘉兴,有色金属,65
319,-78,徐广福、徐翔父子,180,-31%,大全,江苏镇江,电气设备制造、太阳能,"80, 51"
319,-154,赵立新、曹维夫妇,180,-49%,格科微,上海,CMOS图像传感器,"56, 49"
328,52,池宇峰,175,-5%,完美世界,北京,网游、影视娱乐,51
328,-32,葛卫东,175,-22%,混沌投资,上海,投资,53
328,-146,南存辉,175,-47%,正泰,浙江温州,工业电器、投资,59
328,147,蒲忠杰、张月娥夫妇,175,17%,乐普,北京,医疗设备,"59, 59"
328,52,王均金,175,-5%,均瑶,上海,房地产、航空、零售,54
328,-93,易峥,175,-34%,同花顺,浙江杭州,软件,52
328,-26,张兴海、颜敏夫妇,175,-20%,小康控股,重庆,汽车、汽车零配件,"59, -"
328,-76,周鸿祎,175,-30%,三六零安全科技,北京,网络信息服务,52
336,112,陈凯臣、马惠真夫妇,170,6%,立白,广东广州,日化用品,-
336,55,陈泰铭家族,170,-6%,国巨,台湾台北,电子制造、收藏,66
336,-21,花轩德家族,170,-21%,中贝九洲,浙江台州,医药,79
336,-34,黄达文,170,-23%,合盛,浙江宁波,硅材料,62
336,112,黄光苗,170,6%,中洲,广东深圳,房地产,53
336,-84,蒋业华,170,-32%,华宇,重庆,房地产,59
336,55,李洪信,170,-6%,太阳纸业,山东济宁,造纸,69
336,2,梁绍鸿,170,-15%,大鸿辉,香港,房地产,70
336,-56,梁允超家族,170,-28%,汤臣倍健,广东珠海,保健品,53
336,27,廖汤慧霭,170,-11%,纪惠,香港,房地产,74
336,14,林刚,170,-13%,康哲药业,广东深圳,医药,58
336,112,陆地,170,6%,大疆,广东深圳,无人机,-
336,84,戚振波,170,0%,美腕,上海,新零售,-
336,176,邵钦祥家族,170,21%,花园,浙江金华,工业制造、房地产,68
336,96,唐立新,170,3%,新尚,四川成都,零售、房地产,59
336,-21,吴凯,170,-21%,宁德时代,福建宁德,锂电池,54
336,2,邢李㷧,170,-15%,思捷环球,香港,投资,73
336,55,阎志,170,-6%,卓尔,湖北武汉,房地产、投资,50
336,96,赵藤雄家族,170,3%,远雄,台湾台北,房地产,78
336,84,郑春颖,170,0%,伽蓝,上海,化妆品,58
356,156,陈谭庆芬家族,165,18%,恒隆,香港,房地产,-
356,119,邓鸿,165,10%,成都环球世纪,四川成都,房地产,59
356,7,贺正刚,165,-13%,和邦股份,四川乐山,矿产、化工,68
356,-162,洪浩,165,-48%,凯莱英,天津,医药,66
356,203,侯军呈,165,27%,珀莱雅,浙江杭州,化妆品,58
356,-121,李国强,165,-38%,中升控股,辽宁大连,汽车销售,58
356,-84,李建全家族,165,-31%,稳健医疗,广东深圳,医疗用品,"65, -"
356,119,林敏雄,165,10%,元利,台湾台北,房地产,72
356,51,罗才仁家族,165,-6%,正新橡胶,台湾彰化,轮胎制造,69
356,-54,齐向东,165,-25%,奇安信,北京,网络安全,58
356,-6,沈锡强家族,165,-15%,雅克科技,江苏无锡,化工新材料,74
356,119,孙孟全家族,165,10%,鲁花,山东烟台,食用油,72
356,291,谢秉昆家族,165,50%,坤彩科技,福建福州,珠光材料,56
356,76,徐乘家族,165,0%,徐福记,广东东莞,食品,70
356,-24,朱兴明、朱瀚玥父女,165,-20%,汇川技术,广东深圳,工业自动化产品,55
371,-144,曹骥、曹政父子,160,-42%,杭可科技,浙江杭州,锂电池,"70, 39"
371,1253,李仙德,160,272%,晶科能源,江西上饶,太阳能,47
371,125,梁光伟,160,10%,华强,广东深圳,投资,59
371,20,罗家宝,160,-11%,百乐,香港,房地产,73
371,-88,陶悦群,160,-30%,欧普康视,安徽合肥,医疗器械制造、销售,62
371,-21,汪林朋,160,-18%,居然之家,北京,家居建材,54
371,49,王瀚,160,-6%,均瑶,上海,房地产、航空、零售,35
371,104,王建沂,160,7%,富通,浙江杭州,光纤光缆,59
371,-8,王长田、杜英莲夫妇,160,-16%,光线传媒,北京,影视娱乐,"57, -"
371,-8,伍步高家族,160,-16%,永隆,香港,银行业,78
371,-296,叶刚,160,-77%,冬海集团,新加坡,网络游戏、电商,42
371,36,张荣华家族,160,-9%,荣程,天津,钢铁,53
371,-50,张忠谋,160,-24%,台积电,台湾新竹,半导体,91
371,104,郑崇华家族,160,7%,台达电子,台湾台北,电子元件,86
371,141,周耀庭家族,160,14%,红豆,江苏无锡,服装、橡胶轮胎、房地产,79
371,-88,周志文、冯宇霞夫妇,160,-30%,昭衍新药,北京,生物医药,"57, 58"
387,195,曹龙祥、曹飞父子,155,24%,济川控股,江苏泰州,医药,"65, 39"
387,33,陈爱莲、吴良定夫妇,155,-9%,万丰,浙江绍兴,智能制造、投资,"64, 76"
387,-104,仇建平、王玲玲夫妇,155,-33%,巨星科技,浙江杭州,工具制造,"60, 61"
387,New,郭建军,155,New,汇能,内蒙古鄂尔多斯,煤炭、路桥、房地产,-
387,153,何志平、张文莉夫妇,155,15%,华建,广东深圳,投资,"57, -"
387,88,李妙行,155,3%,老干妈,贵州贵阳,食品,-
387,218,刘程宇、刘玲夫妇,155,29%,科士达,广东深圳,电力设备,"60, 58"
387,79,许英灼,155,0%,海大,广东广州,饲料,54
387,88,叶立培家族,155,3%,仲盛,香港,房地产,78
387,736,张亚、周文梅夫妇,155,138%,国光电气,四川成都,微波电子器件,"53, 52"
387,33,赵鸿飞,155,-9%,中科创达,北京,智能终端操作系统,48
387,-7,郑效东、郑可青父女,155,-16%,东富龙,上海,医疗设备,"58, 30"
399,-61,蔡明介家族,150,-25%,联发科技,台湾新竹,半导体,72
399,97,曹建伟,150,3%,晶盛机电,浙江绍兴,机电设备,44
399,-119,曾继疆家族,150,-36%,宏达电子,湖南株洲,电子器件制造,60
399,49,龚俊龙家族,150,-6%,恒裕,广东深圳,房地产、投资,63
399,1127,郭金树,150,226%,汇能,内蒙古鄂尔多斯,煤炭、路桥、房地产,71
399,33,黄巧灵家族,150,-9%,宋城,浙江杭州,旅游、房地产,64
399,33,黄世再家族,150,-9%,大中华地产,广东深圳,房地产,71
399,49,李贵山,150,-6%,老干妈,贵州贵阳,食品,-
399,76,林明成家族,150,0%,华南金控,台湾台北,金融,79
399,-8,马志玲,150,-17%,元大,台湾台北,金融服务,82
399,97,石毅峰,150,3%,爱美客,北京,生物制药,48
399,8,苏素玉家族,150,-14%,联美,广东汕头,房地产、投资,74
399,183,王正根,150,20%,迈为股份,江苏苏州,智能制造装备,50
399,141,魏应州,150,11%,顶新,台湾台北,食品和饮料,68
399,49,吴英,150,-6%,美畅新材,北京,新材料,58
399,183,项光明、王素勤夫妇,150,20%,伟明环保,浙江温州,垃圾发电,"59, 57"
399,-67,徐宇,150,-27%,赫基国际,广东广州,服装,50
399,-137,杨卫东、杨亚珍夫妇,150,-39%,卫星石化,浙江嘉兴,化工,"54, 54"
399,113,杨致远,150,7%,雅虎,美国加州,投资,54
399,183,袁富根家族,150,20%,东山精密,江苏苏州,精密铸件,72
399,33,袁志敏、熊海涛夫妇,150,-9%,金发科技,广东广州,化工塑料,"61, 58"
420,346,蔡东青家族,145,53%,奥飞娱乐,广东汕头,动漫,53
420,484,丁立国,145,73%,德龙,上海,钢铁、天然气,52
420,-57,李家权家族,145,-24%,龙蟒,四川成都,钛白粉、磷化工,59
420,76,林定强家族,145,0%,金辉,福建福州,房地产,56
420,46,任正非,145,-6%,华为,广东深圳,消费电子、电讯,78
420,92,邵根伙,145,4%,大北农,北京,饲料、种业,57
420,-57,田明,145,-24%,美亚光电,安徽合肥,专用设备制造业,69
420,926,夏崇耀、袁黎雨夫妇,145,169%,东方电缆,浙江宁波,电缆,"63, 62"
420,139,谢嘉,145,12%,大疆,广东深圳,无人机,42
420,205,张传卫家族,145,26%,明阳智能,广东中山,新能源,60
420,-158,张帆,145,-41%,汇顶科技,广东深圳,半导体芯片,57
431,-93,白宝鲲,140,-30%,坚朗五金,广东东莞,高端建筑五金,52
431,-24,陈琼香,140,-20%,宁德时代,福建宁德,锂电池,-
431,174,陈先保家族,140,17%,华泰,安徽合肥,农副食品加工业,63
431,65,陈一丹,140,-3%,腾讯,广东深圳,互联网服务,51
431,17,方文雄家族,140,-13%,协成行,香港,房地产,-
431,128,傅光明家族,140,8%,圣农,福建南平,农业,68
431,81,黄绍武,140,0%,神州通,广东深圳,投资,52
431,81,赖建法,140,0%,中通,上海,快递,53
431,81,李非列家族,140,0%,飞尚,广东深圳,有色金属、钢铁、物流,56
431,35,李宁,140,-10%,李宁,北京,体育用品、投资,59
431,44,李伟,140,-7%,千味央厨,河南郑州,食品、房地产,54
431,-159,励民,140,-42%,瑞芯微,福建福州,集成电路,57
431,65,利约翰,140,-3%,中电,香港,能源,68
431,-40,刘志强、翟美卿夫妇,140,-22%,香江,广东深圳,房地产、金融,"58, 58"
431,17,陆昂,140,-13%,嘉德,北京,投资、拍卖,59
431,-68,吕慧、陈宁宁母女,140,-26%,嘉鑫,香港,钢铁、铁矿石进出口、房地产,"73, 51"
431,New,曲程,140,New,海昌海洋公园,上海,主题乐园,34
431,44,谭炳照家族,140,-7%,敏捷,广东广州,房地产,58
431,128,魏应充,140,8%,顶新,台湾台北,食品和饮料,65
431,128,魏应交,140,8%,顶新,台湾台北,食品和饮料,67
431,128,魏应行,140,8%,顶新,台湾台北,食品和饮料,63
431,371,温鹏程家族,140,56%,温氏食品,广东云浮,家禽养殖畜牧,60
431,-24,吴映明,140,-20%,宁德时代,福建宁德,锂电池,55
431,-184,俞其兵,140,-45%,旗滨,浙江宁波,玻璃,57
431,-129,张静章家族,140,-36%,海天国际,浙江宁波,注塑机,85
431,-40,张万镇,140,-22%,三环,广东潮州,通信部件、电子元器件,73
457,-142,丁雅丽,135,-37%,安踏,福建厦门,体育用品,-
457,-37,何猷龙家族,135,-21%,新濠国际,香港,博彩,46
457,102,胡兴荣,135,4%,多弗,北京,贸易、房地产,41
457,512,李志刚,135,78%,帝尔激光,湖北武汉,设备制造,46
457,-50,倪永培,135,-23%,迎驾,安徽六安,白酒,70
457,-94,邱光和家族,135,-29%,森马,浙江温州,服装,71
457,New,孙中伟、温美婵夫妇,135,New,华宝新能,广东深圳,便携储能电池、太阳能,"44, 38"
457,9,王林祥,135,-13%,鄂尔多斯,内蒙古鄂尔多斯,羊绒、煤电、冶金、房地产,71
457,-50,王明旺、蔡帝娥夫妇,135,-23%,欣旺达,广东深圳,电子部件,"55, 52"
457,-25,王旭宁,135,-18%,JS环球生活,上海,小家电,53
457,-77,吴志刚家族,135,-27%,桃李面包,辽宁沈阳,食品,87
457,-66,谢菊华、唐咏群母子,135,-25%,健友股份,江苏南京,原料药,"71, 47"
457,-9,徐新,135,-16%,今日资本,上海,投资,56
457,587,许景南家族,135,93%,匹克,福建泉州,体育用品,67
457,83,郁国祥,135,0%,乐游科技,上海,投资,52
457,55,周永利,135,-4%,永利,浙江绍兴,轻纺、房地产、投资,66
473,-41,白厚善,130,-21%,容百控股,北京,锂电池材料,58
473,23,陈智松,130,-10%,亿联网络,福建厦门,通信,56
473,-328,纪海鹏家族,130,-69%,龙光地产,广东深圳,房地产,55
473,-41,雷菊芳,130,-21%,奇正藏药,西藏林芝,医药,69
473,152,梁勤、王毅夫妇,130,13%,扬杰,江苏扬州,电子元件,51
473,-201,刘冬生、张宁夫妇,130,-46%,彤程新材,上海,化工原料,"49, 48"
473,226,刘锋、林旭燕夫妇,130,30%,永锋,山东济南,钢铁,"52, 50"
473,86,梅志明,130,0%,普洛斯,上海,物流地产、投资,50
473,2,任道德,130,-13%,泰康,北京,保险,62
473,-53,汤晓鸥,130,-24%,商汤科技,香港,人工智能,53
473,-190,童锦泉,130,-43%,长峰房地产,上海,房地产,67
473,-66,王敏文,130,-26%,立昂微,浙江杭州,半导体,59
473,2,王秋雄家族,130,-13%,丰泰,台湾斗六,服装,79
473,67,吴绪顺家族,130,-4%,三七互娱,安徽芜湖,网络游戏,74
473,86,严健军,130,0%,致达,上海,信息、金融、投资,57
473,-93,姚雄杰,130,-30%,盛屯,广东深圳,锂电新能源材料,55
473,109,易大盛,130,4%,富兴,湖南长沙,房地产、汽车销售、投资,61
473,67,俞发祥,130,-4%,祥源控股,浙江绍兴,基础设施建设、房地产,51
473,132,俞熔,130,8%,美年健康,上海,医疗服务,51
473,86,张小龙,130,0%,腾讯,广东广州,互联网服务,53
473,New,宗艳民,130,New,天岳先进,山东济南,半导体材料,58
494,-62,陈湖文,125,-24%,晨光,上海,文具用品制造,52
494,-46,陈湖雄,125,-22%,晨光,上海,文具用品制造,52
494,-19,陈学利、陈林父子,125,-17%,威高,山东威海,医疗器械,71
494,183,邓文、唐璐夫妇,125,19%,天味食品,四川成都,食品,"54, 52"
494,-144,傅明康家族,125,-36%,日月股份,浙江宁波,机械配件,59
494,-28,江必旺、陈荣姬夫妇,125,-19%,纳微科技,江苏苏州,微球材料,"57, 55"
494,-19,金惠明家族,125,-17%,大华,上海,房地产,69
494,479,李爱真、邵增明母子,125,67%,力量钻石,河南商丘,新材料,"71, 41"
494,-103,刘修才家族,125,-31%,凯赛生物,上海,生物材料,65
494,-28,任建华,125,-19%,老板电器,浙江杭州,家用电器,65
494,153,唐修国,125,14%,三一,湖南长沙,重型机械,59
494,2,王世忠家族,125,-14%,亚德客,台湾台北,工业机械,-
494,New,王维,125,New,行云集团,广东深圳,企业服务,41
494,-173,王文默,125,-40%,安踏,福建厦门,体育用品,66
494,479,项光通,125,67%,青山控股,浙江温州,钢铁,-
494,-242,许刚,125,-50%,龙佰,河南焦作,钛白粉,59
494,-19,许连捷,125,-17%,恒安,福建泉州,个人护理用品,69
494,153,袁志伦,125,14%,博赛矿业,重庆,矿业,58
494,88,昝圣达,125,0%,综艺,江苏南通,新能源、信息科技、投资,59
494,153,周庆治、赵亦斓夫妇,125,14%,南都,香港,电池、投资,"67, 44"
514,91,董才平,120,0%,中天钢铁,江苏常州,钢铁、投资,59
514,885,李明、杜楠夫妇,120,140%,亚特,甘肃陇南,投资、有色金属,54
514,441,李湘平,120,54%,东明石化,山东菏泽,石油化工,61
514,91,梁亮胜,120,0%,丝宝,香港,投资,71
514,-193,吕建明,120,-43%,通策医疗,浙江杭州,医疗器械,57
514,-66,马秀慧家族,120,-25%,欧普照明,上海,节能灯,51
514,-2,秦荣华,120,-14%,敏实,浙江宁波,汽车零部件,64
514,68,尚吉永,120,-4%,万达控股,山东东营,轮胎、电缆、化工,54
514,26,王均豪,120,-11%,均瑶,上海,房地产、航空、零售,50
514,111,王俊民、申萍夫妇,120,4%,海思科,新加坡,医药,"54, 51"
514,133,王树华家族,120,9%,冀南钢铁,河北邯郸,钢铁,40
514,-176,王晓申,120,-40%,赣锋锂业,江西新余,有色金属冶炼加工,54
514,New,吴美蓉家族,120,New,美科股份,上海,太阳能设备,62
514,133,徐旭东、徐若桐父女,120,9%,旭升汽车技术,浙江宁波,汽车零部件,"52, 25"
514,91,徐振华,120,0%,沐瞳科技,上海,游戏,43
514,783,薛济萍,120,118%,中天科技,江苏南通,电缆,71
514,-164,阳萌、贺丽夫妇,120,-38%,安克,湖南长沙,电子商务,"40, 38"
514,-123,杨雪岗家族,120,-33%,旭阳,河北邢台,煤炭、化工,57
514,-242,张近东,120,-50%,苏宁,江苏南京,零售、房地产,59
514,163,张克强,120,14%,华美国际,广东广州,投资、房地产,62
514,91,张永平,120,0%,秀水街,北京,房地产,61
514,-39,张毓强,120,-20%,振石控股,浙江嘉兴,房地产、矿产,67
514,185,周敬良,120,20%,景田,广东深圳,饮料,72
514,-2,朱义文、朱剑乔父女,120,-14%,海吉亚,上海,肿瘤检测,"58, -"
538,New,曹林、段颖夫妇,115,New,诺唯赞,江苏南京,生物医药,"43, 43"
538,1759,陈康平,115,326%,晶科能源,江西上饶,太阳能,49
538,21,陈文源、张茜夫妇,115,-12%,华兴源创,江苏苏州,设备制造,"54, 51"
538,-42,高云峰,115,-21%,大族激光,广东深圳,激光设备,55
538,228,何旗,115,21%,均和,上海,钢铁贸易,40
538,139,黄敏,115,10%,固德威,江苏苏州,光伏逆变器,49
538,-147,金磊、李凤玲夫妇,115,-36%,佰仁医疗,北京,医疗器械,"68, 65"
538,21,李林,115,-12%,火币,北京,区块链,40
538,87,李如成,115,0%,雅戈尔,浙江宁波,服装、房地产、投资,71
538,861,李水波家族,115,130%,新莱洁净,江苏苏州,洁净系统部件,66
538,-158,林来嵘、安素梅夫妇,115,-38%,众兴,天津,矿业,"54, 57"
538,New,刘伟,115,New,米哈游,上海,游戏,35
538,21,罗嘉瑞家族,115,-12%,鹰君,香港,房地产,69
538,314,孟庆山家族,115,31%,梅花,河北廊坊,食用调味品,74
538,87,潘刚,115,0%,伊利,内蒙古呼和浩特,乳制品,52
538,-26,商晓波、邓烨芳夫妇,115,-18%,鸿路钢构,安徽合肥,金属结构制造业,"48, -"
538,67,施文博,115,-4%,恒安,福建泉州,个人护理用品,72
538,743,王剑峰,115,105%,均胜投资,浙江宁波,汽车零部件制造,52
538,-26,薛向东家族,115,-18%,东华软件,北京,软件与信息服务,63
538,44,杨文龙家族,115,-8%,仁和药业,江西宜春,医药,60
538,-276,叶帆家族,115,-53%,美东汽车,广东东莞,汽车经销,51
538,1164,余竹云,115,188%,中环控股,安徽合肥,建筑工程,49
538,371,张双旺、张东海父子,115,44%,伊泰,内蒙古鄂尔多斯,煤炭,"79, 52"
538,-188,张学政,115,-41%,闻泰科技,浙江嘉兴,半导体,47
538,-131,赵鹏,115,-34%,BOSS直聘,北京,招聘网站,52
538,2,钟声坚,115,-15%,仁恒,新加坡,房地产,64
564,135,曹克坚,110,10%,开山控股,浙江衢州,压缩机,60
564,-144,曾万辉、喻丽丽夫妇,110,-35%,景嘉微,湖南长沙,电子器件制造,"54, 52"
564,113,陈幼兴,110,5%,斯达半导,浙江嘉兴,半导体,61
564,733,程立力、沈静夫妇,110,100%,立华股份,江苏常州,畜牧,"57, 55"
564,-52,董伟,110,-21%,恒瑞,江苏连云港,医药,51
564,83,何著胜家族,110,0%,后英,辽宁鞍山,耐火材料、钢铁、矿业,75
564,962,金鑫,110,139%,大金重工,辽宁阜新,钢结构产品,55
564,61,利蕴莲家族,110,-4%,希慎兴业,香港,房地产,68
564,-262,林印孙,110,-50%,正邦,江西抚州,饲料、养殖,58
564,-173,罗阳勇、刘玉霞夫妇,110,-39%,安宁股份,四川攀枝花,钒钛磁铁矿,"47, -"
564,-284,潘政民、吴春媛夫妇,110,-53%,瑞声科技,广东深圳,消费电子精密件,"53, 51"
564,41,苏志刚,110,-8%,长隆,广东广州,旅游,64
564,135,王明鎏,110,10%,毛球科技,四川成都,投资、区块链、游戏,39
564,-372,王宁家族,110,-66%,泡泡玛特,北京,玩具,35
564,-173,王泽龙,110,-39%,中核钛白,广东佛山,钛白粉,26
564,-24,吴尚志,110,-19%,鼎晖,北京,投资,72
564,18,吴仲毅,110,-12%,亿联网络,福建厦门,通信,49
564,135,伍伟国家族,110,10%,美心,香港,餐饮,52
564,198,向文波,110,15%,三一,湖南长沙,重型机械,60
564,-144,许树根,110,-35%,鼎力,浙江湖州,机械制造,57
564,83,张涛,110,0%,美团,上海,生活服务,50
564,135,章小华,110,10%,红狮控股,浙江金华,水泥,54
564,345,赵轶、徐昕夫妇,110,38%,长川科技,浙江杭州,半导体设备,"46, -"
564,-52,郑坚江,110,-21%,奥克斯,浙江宁波,家电、房地产,"61, -"
564,83,钟乃雄,110,0%,能兴,广东佛山,房地产、投资,59
564,135,周贤海、王小丽夫妇,110,10%,鼎胜实业,浙江杭州,有色金属制品,"61, -"
590,-50,陈卓林、陆倩芳夫妇,105,-22%,雅居乐,广东广州,房地产,"60, 61"
590,-8,刁志中,105,-16%,广联达,北京,软件与信息服务,59
590,-269,杜伟民,105,-50%,康泰生物,广东深圳,生物医药,59
590,274,方玉友,105,24%,珀莱雅,浙江杭州,化妆品,53
590,109,高毅,105,5%,益丰药房,湖南长沙,医药零售,54
590,893,葛志勇,105,119%,奥特维,江苏无锡,光伏设备,52
590,-227,耿建明、杨小青夫妇,105,-45%,荣盛,河北廊坊,房地产,"60, -"
590,New,何涛,105,New,圆心科技,北京,互联网医院,42
590,57,胡赓熙、陈燕霓夫妇,105,-5%,我武生物,浙江湖州,医药,"58, 57"
590,-199,胡扬忠,105,-42%,海康威视,浙江杭州,视频监控产品,57
590,707,黄宏生、林卫平夫妇,105,91%,创维,广东深圳,家用电器,"66, 63"
590,15,金磊,105,-13%,长春高新,吉林长春,生物制药,57
590,176,柯为湘,105,11%,保利达,香港,房地产,71
590,-124,李国庆,105,-32%,荣盛控股,浙江杭州,化纤,52
590,35,李进、李麒麟父子,105,-9%,李宁,北京,体育用品、投资,"60, 35"
590,-124,李永庆,105,-32%,荣盛控股,浙江杭州,化纤,58
590,-31,林耀英家族,105,-19%,大立光,台湾台中,电子元件,89
590,New,罗宇皓,105,New,米哈游,上海,游戏,35
590,172,毛中吾,105,9%,三一,湖南长沙,重型机械,60
590,New,潘建清家族,105,New,天通高新,浙江嘉兴,光伏逆变器、电子材料,59
590,87,谭莉莉,105,0%,海大,广东广州,饲料,-
590,87,王吉雷,105,0%,中通,上海,快递,57
590,-8,王苗通家族,105,-16%,世纪华通,浙江绍兴,游戏,65
590,35,王忆会,105,-9%,嘉华东方,北京,投资,68
590,319,吴城,105,31%,国城,北京,矿业,37
590,1062,夏信德,105,150%,鹏辉能源,广东广州,电池,58
590,87,许晨晔,105,0%,腾讯,广东深圳,互联网服务,51
590,-124,许月娟,105,-32%,荣盛控股,浙江杭州,化纤,-
590,15,闫希军家族,105,-13%,天士力,天津,医药,69
590,New,杨波,105,New,禾迈股份,浙江杭州,光伏逆变器,41
590,1267,折生阳,105,192%,铂力特,陕西西安,金属增材制造,67
621,New,蔡华波,100,New,江波龙,广东深圳,半导体,46
621,352,陈银河家族,100,33%,密尔克卫,上海,化工供应链服务,48
621,26,邓耀家族,100,-9%,百丽,香港,服装与配饰,88
621,-16,段永平,100,-17%,步步高,美国旧金山,投资,61
621,56,方洪波,100,-5%,美的,广东佛山,家电制造,55
621,-81,管毅宏,100,-26%,九毛九,广东广州,餐饮,53
621,-271,何朝曦,100,-49%,深信服,广东深圳,应用软件服务,48
621,-109,胡荣达、胡淇翔父子,100,-29%,三美化工,浙江金华,化工,"63, 34"
621,26,胡应湘,100,-9%,合和实业,香港,房地产、建筑工程,87
621,660,黄建勲,100,79%,联泰,广东汕头,基础建设、房地产,48
621,-39,焦震,100,-20%,鼎晖,北京,投资,56
621,-39,井贤栋,100,-20%,阿里系,浙江杭州,电子商务、金融科技,50
621,-271,孔健岷,100,-49%,合景泰富,广东广州,房地产,53
621,288,寇晓康、高月静夫妇,100,25%,蓝晓科技,陕西西安,新材料,"55, 53"
621,78,李登海,100,0%,登海种业,山东烟台,农业,73
621,78,李强,100,0%,百雀羚,上海,化妆品,-
621,-81,李思廉,100,-26%,富力地产,广东广州,房地产,65
621,26,梁桐灿,100,-9%,宏宇,广东佛山,建筑陶瓷,-
621,-39,梁信军,100,-20%,-,新加坡,投资,54
621,New,凌斌、王曦夫妇,100,New,康冠科技,广东深圳,电子器件制造,"54, 54"
621,-271,刘晓东,100,-49%,百润,上海,香料、酒业,55
621,4,陆兆禧,100,-13%,阿里系,浙江杭州,电子商务、金融科技,53
621,181,牛宜顺、牛腾父子,100,11%,华勤,山东济宁,轮胎、输送带、电力,"67, 37"
621,New,潘龙泉,100,New,泉峰,江苏南京,电动工具,59
621,181,任晋生家族,100,11%,先声药业,江苏南京,生物医药,60
621,-62,史英文、董晓丽夫妇,100,-23%,荣和,广西南宁,房地产,"57, -"
621,78,宋卫平、夏一波夫妇,100,0%,绿城,浙江杭州,房地产,"64, -"
621,78,孙勇坚,100,0%,宝矿,上海,地产、贸易,56
621,576,王建东,100,67%,中建融东,河北邯郸,钢铁,50
621,-289,王文彪家族,100,-51%,亿利资源,北京,生态修复、光伏、投资,64
621,-146,徐冠巨,100,-33%,传化,浙江杭州,化工、农业、投资,61
621,-173,徐少春,100,-38%,金蝶国际,广东深圳,财务软件,59
621,-62,许庆奎、许英强父子,100,-23%,九羊,山东莱芜,钢铁、冶金、机械,-
621,1989,杨冰,100,355%,得物,上海,电商,37
621,78,杨浩涌,100,0%,车好多,北京,汽车服务,48
621,New,叶德林、李要夫妇,100,New,新明珠,广东佛山,建筑陶瓷,"66, 67"
657,195,兰春、杨英夫妇,98,11%,新英才,北京,教育、生物医药、房地产、投资,"56, 59"
657,252,袁桂宝、袁晓曦父女,98,23%,鸿宝集团,河南郑州,房地产、园林,-
657,20,郑红、郑小丹父女,98,-7%,鸿远电子,北京,电子元器件,"72, 43"
660,-185,冯焕培、范朝霞夫妇,97,-35%,京运通,北京,光伏设备制造,"56, -"
660,-148,姚奎章,97,-31%,养元饮品,河北衡水,饮料,57
660,136,应书岭,97,4%,英雄互娱,北京,电竞游戏,41
663,881,常建鸣、傅磊夫妇,95,111%,鸣志电器,上海,控制电机,"57, 56"
663,14,陈建成、陈嫣妮父女,95,-10%,卧龙控股,浙江绍兴,电气设备、房地产,"63, 40"
663,-231,陈士良,95,-42%,桐昆,浙江嘉兴,化纤、房地产,59
663,-58,戴文军,95,-21%,绝味,湖北武汉,食品,54
663,-16,丁水波,95,-14%,特步,福建泉州,体育用品,52
663,-151,顾伟,95,-32%,兆驰股份,广东深圳,消费电子产品,57
663,-367,黄光裕家族,95,-58%,国美,北京,零售、房地产,53
663,201,黄俊康家族,95,12%,莱蒙国际,广东深圳,房地产,67
663,-38,姜龙,95,-17%,歌尔股份,山东潍坊,声学及多媒体产品,48
663,201,姜银台家族,95,12%,岱美股份,上海,汽车内饰,72
663,36,李国宝家族,95,-5%,东亚银行,香港,银行业,83
663,36,李卫伟,95,-5%,三七互娱,安徽芜湖,网络游戏,45
663,-342,李缜家族,95,-55%,国轩高科,安徽合肥,电池、房地产、影视、投资,58
663,-300,刘方毅,95,-50%,英科医疗,山东淄博,医疗器械,52
663,201,刘革新,95,12%,科伦药业,四川成都,制药、医药流通,71
663,103,刘振东,95,0%,联东,北京,房地产,51
663,-167,卢宗俊,95,-34%,中谷物流,上海,物流,59
663,103,陆克平、郁琴芬夫妇,95,0%,江苏阳光,江苏无锡,服装纺织、生物医药、投资,78
663,244,秦龙,95,16%,森麒麟,山东青岛,轮胎,57
663,460,是玉丰、宗丽萍夫妇,95,46%,派克新材,江苏无锡,金属锻件,"46, 44"
663,New,陶诚、卢萍芳夫妇,95,New,铭利达,广东深圳,设备制造,"47, -"
663,-38,王慧文,95,-17%,美团,辽宁大连,生活服务,44
663,36,王文渊家族,95,-5%,台塑,台湾高雄,化工,75
663,-38,翁先定,95,-17%,新产业,广东深圳,医疗器械,61
663,103,徐万茂家族,95,0%,华茂,浙江宁波,文具、教育、房地产、金融,77
663,139,许昆泰家族,95,6%,蓝天,台湾台北,消费电子产品,66
663,-300,许志翰,95,-50%,卓胜微,江苏无锡,电子器件制造,50
663,36,严陈莉莲家族,95,-5%,裕隆,台湾新北,汽车,57
663,-16,张国标、张新程父子,95,-14%,富春,上海,投资,"62, 31"
663,-313,张世龙家族,95,-51%,圣邦,北京,模拟芯片,56
663,246,张伟祥,95,19%,建龙,北京,钢铁、矿业、船运,-
663,103,张轩松,95,0%,永辉,福建福州,超市零售,51
663,246,周文、郭艺群夫妇,95,19%,普利特,上海,塑料制造、汽车配件,"57, 58"
663,103,周镇科,95,0%,大晟文化,广东深圳,文化娱乐,47
697,347,陈泽民家族,93,33%,三全食品,河南郑州,食品,79
697,397,钱晓钧,93,37%,国联,北京,电子商务,47
697,105,万隆、王梅香夫妇,93,3%,双汇,河南郑州,食品,"82, -"
700,59,李小明,92,-5%,帝海,北京,房地产,61
700,402,刘泉,92,37%,国联,北京,电子商务,46
700,96,张大中,92,-1%,大中,北京,投资,74
703,-323,安治富家族,90,-51%,富临,四川绵阳,房地产、运输,76
703,-163,蔡明通、蔡劲军父子,90,-33%,火炬电子,福建泉州,电子元器件,"70, 44"
703,63,曾开天,90,-5%,三七互娱,安徽芜湖,网络游戏,-
703,99,陈得福家族,90,0%,仙妮雷德,美国洛杉矶,医疗保健,74
703,420,陈德军,90,38%,申通快递,上海,物流,52
703,-191,董清世、施丹红夫妇,90,-36%,信义,香港,玻璃,"56, -"
703,63,黄仕坤,90,-5%,金雅福,广东深圳,金饰,42
703,161,吉学文,90,6%,德方纳米,吉林长春,特种化工,60
703,99,柯桂华,90,0%,科博达,上海,汽车电子产品,57
703,-26,励建立,90,-14%,科达利,浙江宁波,锂电池结构件,50
703,266,缪双大、缪文彬父子,90,18%,双良,江苏无锡,空调设备,"71, 44"
703,-121,荣智健,90,-28%,中信泰富,香港,投资、房地产,80
703,-191,阮水龙家族,90,-36%,龙盛,浙江绍兴,化工、钢铁,87
703,161,沈汉标、王妙玉夫妇,90,6%,好太太,广东广州,耐用消费品,"50, 46"
703,270,施慧勇、施依贝父女,90,20%,拱东医疗,浙江台州,医疗用品,"56, -"
703,-323,宋飞家族,90,-51%,艾迪精密,山东烟台,机械制造,56
703,-4,孙惠刚,90,-10%,万华化学,山东烟台,投资,-
703,-207,孙清焕,90,-38%,木林森,广东中山,光学光电,49
703,-26,孙伟杰,90,-14%,杰瑞石油,山东烟台,石油专用设备,59
703,59,孙喜双家族,90,-6%,一方,北京,房地产、投资,69
703,-191,孙毅,90,-36%,浙富控股,浙江杭州,清洁能源装备,55
703,-98,汪顾亦珍家族,90,-25%,德昌电机,香港,工业产品,105
703,New,王晖家族,90,New,盛美半导体,上海,半导体,61
703,99,王文杉家族,90,0%,联合报业,台湾台北,媒体,52
703,-56,吴波家族,90,-18%,埃斯顿,江苏南京,机械装备制造,68
703,-191,吴凯庭家族,90,-36%,万利达,福建漳州,电子信息产品,-
703,-163,吴培服、吴迪父子,90,-33%,双星新材,江苏宿迁,包装材料、印刷品,"61, 40"
703,63,夏鼎湖、夏迎松父子,90,-5%,中鼎,安徽宁国,橡胶和塑料制品业,"78, 45"
703,-271,徐炳忠家族,90,-45%,海伦司,广东深圳,连锁酒馆,48
703,-271,徐国忠家族,90,-45%,江苏国茂,江苏常州,设备制造,59
703,New,徐延铭,90,New,珠海冠宇,广东珠海,锂电池,56
703,New,许世俊、许成辰父子,90,New,海力风电,江苏南通,风电设备,"59, 34"
703,-26,杨志茂、朱凤廉夫妇,90,-14%,新世纪科教,广东东莞,投资,"59, -"
703,-296,叶国富、杨云云夫妇,90,-49%,名创优品,广东广州,新零售,"45, 45"
703,-296,袁莉萍,90,-49%,康泰生物,广东深圳,生物医药,51
703,-56,张跃、赖玉静夫妇,90,-18%,远大,湖南长沙,环保建筑,"62, -"
703,-228,周宗文家族,90,-40%,周大生,广东深圳,珠宝,65
740,112,李金阳,88,0%,赤峰黄金,内蒙古赤峰,金矿,-
740,-63,朱一明,88,-16%,兆易创新,北京,芯片研发,50
742,60,吴东进家族,87,-3%,新光,台湾台北,金融、医院,77
743,16,陈刚,85,-12%,爱旭股份,上海,太阳能电池,54
743,121,陈生强,85,0%,京东数科,北京,数字科技,46
743,-44,陈世卿、蒋翠英夫妇,85,-15%,大立光,台湾台中,电子元件,"53, -"
743,-44,陈仕荣家族,85,-15%,丰泰,台湾斗六,运动鞋,-
743,740,成三荣、金成成父子,85,77%,沪光股份,江苏苏州,汽车配件,"59, 36"
743,-44,褚健,85,-15%,中控技术,浙江杭州,软件系统,59
743,New,戴文渊、吴茗夫妇,85,New,第四范式,北京,人工智能,"39, -"
743,New,邓洪九家族,85,New,洪九果品,重庆,生鲜零售,52
743,-118,邓颖忠家族,85,-26%,中顺洁柔,广东中山,生活用纸,71
743,59,郭建刚家族,85,-6%,新宝电器,广东佛山,小家电,56
743,59,何祖训,85,-6%,神农集团,云南昆明,畜牧,57
743,59,黄金祥、赵启荣夫妇,85,-6%,安徽广信,安徽宣城,农药化肥、房地产,"57, 56"
743,59,柯希平,85,-6%,恒兴实业,福建厦门,投资、地产,62
743,-96,柯尊洪家族,85,-23%,康弘药业,四川成都,制药,68
743,-44,黎旭晖,85,-15%,海天味业,广东佛山,调味品,54
743,212,李阔,85,9%,白贝壳,浙江杭州,母婴产品,-
743,121,李晓林,85,0%,林达,北京,房地产、投资,69
743,-247,刘明辉,85,-41%,中国燃气,香港,能源,59
743,New,刘世琦、李菲夫妇,85,New,万润新能,湖北武汉,锂电池,"57, 55"
743,59,刘伟,85,-6%,佳都科技,广东广州,软件和信息技术,57
743,121,罗智先、高秀玲夫妇,85,0%,统一,台湾台南,食品和饮料,"66, -"
743,121,苗拥军,85,0%,安图生物,河南郑州,医药制造业,55
743,-44,聂云宸,85,-15%,喜茶,广东深圳,餐饮,31
743,646,彭军,85,67%,小马智行,美国旧金山,自动驾驶技术,-
743,-44,申东日家族,85,-15%,朗姿,北京,服装,50
743,118,盛百椒,85,-1%,百丽,广东深圳,鞋业,70
743,-118,孙怀庆、王晓蒲夫妇,85,-26%,丸美,广东广州,化妆品,"53, 54"
743,614,唐敖齐家族,85,60%,新泉股份,江苏常州,汽车配饰,77
743,New,陶意,85,New,波克,上海,游戏,-
743,59,王文潮家族,85,-6%,台塑,台湾高雄,化工,71
743,New,王信文,85,New,莉莉丝,上海,游戏,35
743,-323,熊武,85,-50%,深信服,广东深圳,应用软件服务,46
743,-161,徐观宝,85,-32%,传化,浙江杭州,化工、农业、投资,65
743,New,许江南、许晶父女,85,New,天新药业,江西景德镇,医药,"60, 35"
743,-44,姚俊良,85,-15%,美锦能源,山西太原,煤炭,69
743,-44,叶燕桥,85,-15%,海天味业,广东佛山,调味品,53
743,299,袁仲雪、袁嵩父子,85,20%,赛轮轮胎,山东青岛,轮胎,"67, 41"
743,121,张波,85,0%,美团,上海,生活服务,-
743,New,张建国、蔡丽红夫妇,85,New,九丰能源,广东珠海,能源,"59, 54"
743,New,张晋芳,85,New,集创北方,北京,集成电路,37
743,-268,张俏英家族,85,-43%,力劲科技,香港,机械制造,66
743,59,张思民、王劲松夫妇,85,-6%,海王,广东深圳,医药、房地产,"60, -"
743,-138,周剑,85,-29%,优必选,广东深圳,机器人,-
743,-295,竺兆江,85,-47%,传音,广东深圳,消费电子产品,49
787,-110,陈天石,83,-21%,寒武纪,北京,人工智能芯片,37
787,865,彭永东,83,98%,贝壳,北京,房地产服务,43
789,-341,甘忠如,82,-49%,甘李药业,北京,生物制药,74
789,-27,刘爱森、李桂茹夫妇,82,-15%,森特股份,北京,建筑装饰,"50, 51"
789,-23,卢荣富,82,-14%,亿联网络,福建厦门,通信,51
789,184,俞敏洪,82,9%,新东方,北京,教育,60
793,71,苏纯兴家族,81,-5%,和泰汽车,台湾台北,汽车零售,-
793,-94,严俊旭,81,-19%,天顺风能,江苏苏州,风电设备、船舶设备,53
795,-29,艾立华家族,80,-16%,艾华,湖南益阳,电容器制造,64
795,-96,方同华家族,80,-20%,珍宝岛药业,黑龙江鸡西,医药,59
795,178,付胜龙家族,80,7%,大汉控股,湖南邵阳,钢材贸易、房地产,60
795,-445,何人宝、王莺妹夫妇,80,-59%,永太科技,浙江台州,化工,"57, 57"
795,-96,侯昌财,80,-20%,源昌,福建厦门,房地产,66
795,249,黄民奇,80,14%,汉辰科技,台湾台北,半导体,70
795,178,江南,80,7%,圣丰,广东广州,房地产、工业制造,59
795,110,姜桂廷、宋桂花夫妇,80,-4%,景津环保,山东德州,设备制造,"64, 63"
795,69,姜雪飞、朱雪花夫妇,80,-6%,崇达科技,广东深圳,印刷电路板,"53, 53"
795,114,蒋锡培、蒋承志父子,80,0%,智慧能源,江苏无锡,电缆、医药、房地产,"59, 36"
795,240,赖苗,80,11%,景田,广东深圳,饮料,-
795,-190,李保平家族,80,-33%,黄河矿业,陕西渭南,煤炭,62
795,604,李文,80,60%,奥特维,江苏无锡,光伏设备,52
795,160,梁安琪,80,3%,澳博,香港,博彩,61
795,402,林海川、潘俊玲夫妇,80,33%,宏川,广东东莞,仓储物流,"50, -"
795,328,林晓辉、苏娇华夫妇,80,23%,伟禄,香港,投资、房地产,"49, -"
795,114,刘銮鸿,80,0%,利福国际,香港,房地产,69
795,-148,刘庆峰,80,-27%,科大讯飞,安徽合肥,软件和信息技术服务业,49
795,-170,卢治临,80,-30%,奥普特,广东东莞,消费电子产品,39
795,114,吕培榕,80,0%,大帝,福建泉州,投资、房地产、服装,63
795,-29,裘国根、骆奕夫妇,80,-16%,重阳投资,上海,投资,"53, -"
795,-96,邵晓峰,80,-20%,阿里系,浙江杭州,电子商务、金融科技,57
795,114,沈晖,80,0%,威马汽车,上海,新能源汽车,52
795,-213,石俊峰、朱香兰夫妇,80,-36%,龙蟠科技,江苏南京,车用环保化学品,"57, 56"
795,7,石克荣,80,-11%,汇福,河北廊坊,食品,65
795,69,万峰家族,80,-6%,华测检测,广东深圳,生命科学检测,53
795,688,汪东颖,80,67%,纳思达,广东珠海,打印设备,56
795,7,王富济,80,-11%,片仔癀,福建漳州,医药,-
795,-29,王恒家族,80,-16%,金鹰,美国洛杉矶,零售、房地产,74
795,New,王仕锐,80,New,医联,四川成都,医疗服务,35
795,66,王文洋、王思涵父女,80,-7%,宏仁,台湾台北,化学原料,71
795,178,余海军,80,7%,宝利德,浙江杭州,汽车销售,48
795,-96,张华,80,-20%,福华,四川成都,农业、造纸、矿产,-
795,New,张立国,80,New,敷尔佳,黑龙江哈尔滨,面膜,58
795,-96,张曦,80,-20%,国瓷材料,山东东营,陶瓷,48
795,-255,郑永刚,80,-41%,杉杉,上海,锂电池、服装、投资,64
795,7,周国辉,80,-11%,怡亚通,广东深圳,供应链,57
795,-148,周明杰、徐素夫妇,80,-27%,海洋王,广东深圳,特殊环境照明设备,"65, 62"
795,178,周伟建,80,7%,美涂士,广东广州,墙面保护装饰,-
795,-96,朱敏、徐郁清夫妇,80,-20%,赛伯乐,浙江杭州,投资,"74, 73"
795,-118,朱兴良,80,-24%,金螳螂,江苏苏州,建筑,63
795,7,卓志哲,80,-11%,联发科技,台湾新竹,半导体,-
837,-138,王佳、严立夫妇,79,-21%,启明星辰,北京,网络安全,"53, 54"
837,14,徐勇,79,-11%,百度,北京,网络信息服务,58
837,72,钟宝申,79,-1%,隆基,陕西西安,硅材料,55
840,65,包松安,78,-6%,亿联投资,天津,房地产、投资,-
840,-392,欧雷强,78,-51%,百济神州,北京,医药,54
840,784,王雪红、陈文琦夫妇,78,81%,宏达,台湾桃园,电子信息,"64, 67"
843,66,吴东亮家族,76,-5%,新光,台湾台北,金融,72
844,-219,蔡宏柱、蔡开云父子,75,-35%,稻花香,湖北宜昌,白酒,"71, 50"
844,-304,岑钊雄、李一萍夫妇,75,-44%,时代中国,广东广州,房地产,"52, -"
844,271,陈保华,75,14%,华海药业,浙江台州,医药,60
844,-42,陈奇星,75,-17%,长盈精密,广东深圳,电子元件,63
844,-219,杜玉林、李红夫妇,75,-35%,中望软件,广东广州,行业专用软件,"50, 52"
844,200,冯国纶,75,7%,利丰,香港,物流,74
844,129,冯小华,75,0%,洋浦南华糖业,广西南宁,制糖业,66
844,-262,胡葆森家族,75,-40%,建业,河南郑州,房地产,72
844,430,胡成中,75,32%,德力西,浙江温州,工业电器、房地产,61
844,20,黄小芬,75,-12%,景旺电子,广东深圳,印刷电路板,59
844,20,黄子欣,75,-12%,伟易达,香港,消费品,73
844,20,柯金龙、王春婵夫妇,75,-12%,大参林,广东广州,医药,"52, 47"
844,20,柯康保家族,75,-12%,大参林,广东广州,医药,59
844,20,柯云峰、梁小玲夫妇,75,-12%,大参林,广东广州,医药,"55, 52"
844,129,黎经华,75,0%,罗浮宫家居,广东佛山,家具零售,60
844,121,李海周、谢燕玲夫妇,75,-3%,兆威机电,广东深圳,电气设备,"52, 47"
844,20,李立新,75,-12%,利时,浙江宁波,塑胶产品、商业连锁、投资,55
844,129,李平,75,0%,天高,广东广州,矿业开发、冶金贸易,58
844,-197,李瑞强,75,-32%,诺禾致源,北京,基因组学解决方案,43
844,65,林建伟、张育政夫妇,75,-6%,中来股份,江苏苏州,太阳能材料,"56, 50"
844,755,楼天城,75,70%,小马智行,美国旧金山,自动驾驶技术,-
844,-197,卢盛林,75,-32%,奥普特,广东东莞,消费电子产品,42
844,129,陆风,75,0%,万得资讯,上海,数据服务,54
844,-348,吕绍林、程彩霞夫妇,75,-48%,博众精工,江苏苏州,自动化设备,"49, 43"
844,129,茹伯兴、茹正伟父子,75,0%,百兴,江苏常州,工业制造、房地产,"75, -"
844,65,沈亚,75,-6%,唯品会,广东广州,新零售,51
844,-197,宋睿家族,75,-32%,云图控股,四川成都,化工,47
844,-412,孙洪军,75,-55%,艾为电子,上海,芯片,49
844,-42,王力展,75,-17%,海天味业,广东佛山,调味品,-
844,129,王文城家族,75,0%,大中,广东东莞,石材、房地产,-
844,200,王义平家族,75,7%,继峰股份,浙江宁波,汽车零部件,61
844,65,王振滔、王晨父子,75,-6%,奥康,浙江温州,鞋业、地产,"57, -"
844,258,魏学专,75,12%,汇丰石化,山东淄博,化工,57
844,412,温纯青,75,29%,大百汇,广东深圳,烟草、房地产、白酒,51
844,20,熊凤祥、熊俊父子,75,-12%,君实生物,上海,生物医疗,"75, 48"
844,121,姚劲波,75,-3%,58同城,北京,生活服务,46
844,129,姚良柏,75,0%,欧派家居,广东广州,橱柜,53
844,8,叶国一家族,75,-15%,英业达,台湾台北,电脑产品,81
844,682,袁永彬、潘禾佳夫妇,75,63%,伯特利,安徽芜湖,汽车配件,"60, 59"
844,430,张邦鑫,75,32%,好未来,北京,教育,41
844,-145,张洪本,75,-25%,日月光,台湾高雄,工业品、房地产,75
844,-145,张兴礼,75,-25%,小康控股,重庆,汽车、汽车零配件,68
844,-145,张兴明,75,-25%,小康控股,重庆,汽车、汽车零配件,65
844,200,赵凯,75,7%,成都环球世纪,四川成都,房地产,-
844,279,赵延平、杨云夫妇,75,15%,华测导航,上海,卫星导航,"54, 41"
844,-48,赵曰岭家族,75,-19%,金岭,山东东营,化工,70
844,20,卓军,75,-12%,景旺电子,广东深圳,印刷电路板,56
891,-90,孙任靖,74,-19%,三孚,河北唐山,化工,58
892,1107,曹国伟,73,121%,微博,北京,传媒娱乐,57
892,81,吴宝田家族,73,-3%,丽宝,台湾台北,房地产、酒店,71
894,-289,昌敬,72,-40%,石头科技,北京,智能机器人,40
894,-30,辜侯天仪家族,72,-15%,台泥,台湾台北,水泥,-
894,200,李世伦,72,6%,晶盛机电,浙江绍兴,机电设备,60
894,141,李添财,72,0%,金车,台湾台北,食品饮料,84
894,301,刘延云,72,18%,千喜鹤,河北石家庄,餐饮,55
894,-217,叶琼玖,72,-31%,同花顺,浙江杭州,软件,68
900,223,万永兴,71,9%,中瑞,河南郑州,煤炭供应链管理、房地产,51
901,143,蔡其瑞家族,70,0%,宝成,台湾台中,服装,71
901,8,蔡镇球家族,70,-13%,霖园,台湾台北,金融服务,57
901,-654,陈睿,70,-73%,哔哩哔哩,上海,视频弹幕网站,44
901,-135,陈雪玲,70,-26%,晨光,上海,文具用品制造,55
901,72,陈育宣、林德英夫妇,70,-7%,电连技术,广东深圳,电子元件连接器,"56, 57"
901,-135,陈卓贤家族,70,-26%,雅居乐,广东广州,房地产,55
901,-276,戴学斌、董翔夫妇,70,-39%,蓝润实业,四川成都,房地产、投资,"43, 43"
901,143,丁佐宏,70,0%,月星,上海,房地产、零售、制造,60
901,-40,方展城,70,-19%,海天味业,广东佛山,调味品,-
901,New,高利民家族,70,New,海利得,浙江嘉兴,新材料,67
901,1000,韩玉龙、陆剑霞夫妇,70,100%,Manner,上海,餐饮,"37, 29"
901,-276,何亚民家族,70,-39%,利君股份,四川成都,机械制造,65
901,-99,黄炳文家族,70,-22%,东风印刷,广东汕头,印刷,68
901,-44,黄文彪,70,-20%,海天味业,广东佛山,调味品,55
901,-37,黄泽兰、赖香英夫妇,70,-18%,章源钨业,江西赣州,钨矿,"67, 60"
901,-99,金立国,70,-22%,怡合达,广东深圳,自动化设备,49
901,193,孔令涌,70,3%,德方纳米,广东深圳,特种化工,44
901,296,赖国贵家族,70,17%,春风控股集团,浙江杭州,摩托车,58
901,143,李碧云,70,0%,贝泰妮,云南昆明,护肤品,-
901,-202,李东生,70,-30%,TCL,广东惠州,家用电器及半导体产品,65
901,-202,李金元,70,-30%,天狮,天津,保健品,64
901,-202,李新炎、倪银英夫妇,70,-30%,中国龙工,上海,重型工程用车,"71, 66"
901,-202,梁耀铭,70,-30%,金域医学,广东广州,医学检测及病理诊断,58
901,296,林海峰,70,17%,东方日升,浙江宁波,太阳能,47
901,-469,楼小强、郑北夫妇,70,-58%,康龙化成,北京,生物医药,"54, 55"
901,-276,陆永华、毛彩虹夫妇,70,-39%,林洋电子,江苏南通,电子式电能表,"59, -"
901,72,罗康瑞家族,70,-7%,瑞安,香港,房地产,74
901,143,毛全林,70,0%,晶盛机电,浙江绍兴,机电设备,52
901,New,宋涛,70,New,米哈游,上海,游戏,46
901,New,苏如春家族,70,New,华邦,广东广州,房地产、建筑、投资,54
901,-37,王刚,70,-18%,满帮,浙江杭州,物流,46
901,72,王维东、许小菊夫妇,70,-7%,赢合科技,广东深圳,自动化设备,"45, 42"
901,143,吴崇仪,70,0%,至兴,台湾彰化,汽车零部件,63
901,143,谢子龙、陈秀兰夫妇,70,0%,老百姓,湖南长沙,医药零售,"56, -"
901,-202,杨贰珠,70,-30%,碧桂园,广东佛山,房地产,64
901,8,杨受成家族,70,-13%,英皇,香港,房地产,78
901,72,杨钊家族,70,-7%,旭日企业,香港,服装、房地产,75
901,-202,易贤忠家族,70,-30%,百奥泰,广东广州,生物医药,63
901,495,袁菁,70,0%,沐瞳科技,上海,游戏,42
901,-254,张桂平、张康黎父子,70,-36%,苏宁环球,江苏南京,房地产、投资,"71, 41"
901,188,张利钿家族,70,1%,雅士利,广东潮州,乳业,58
901,-99,张天瑜,70,-22%,广和通,广东深圳,通信设备,55
901,-135,章方良家族,70,-26%,金斯瑞,江苏南京,生物科技,58
901,1221,章训、章勇父子,70,133%,复旦微电,上海,芯片,"72, 45"
901,-37,赵彤彤,70,-18%,华住,上海,连锁酒店,55
901,New,钟怀军家族,70,New,紫燕食品,上海,食品,58
947,-38,戴珊,69,-14%,阿里系,浙江杭州,电子商务、金融科技,46
947,83,高万军家族,69,-7%,新金钢铁,河北邯郸,钢铁,59
947,-407,洪锋,69,-49%,小米,北京,智能硬件与技术,-
947,26,寿柏年,69,-8%,绿城服务,浙江杭州,物业管理,60
947,-365,谭瑞清、张晓琳夫妇,69,-45%,龙蟒佰利联,河南郑州,钛白粉,"56, -"
947,-38,吴泳铭,69,-14%,阿里系,浙江杭州,电子商务、金融科技,47
947,147,张德生家族,69,1%,万马电线电缆,浙江杭州,电缆、房地产、医药,73
954,343,陈洞,68,24%,光威复材,山东威海,化工,48
954,343,陈亮,68,24%,光威复材,山东威海,化工,53
954,-442,黄关林,68,-51%,申洲针织,浙江宁波,纺织、服装,56
954,New,凌志敏,68,New,昱能科技,浙江嘉兴,光伏逆变器,61
954,19,邱建林,68,-9%,恒逸,浙江杭州,化纤,59
954,19,邱祥娟,68,-9%,恒逸,浙江杭州,化纤,-
954,19,邱奕博,68,-9%,恒逸,浙江杭州,化纤,35
954,947,王文才,68,94%,润丰股份,山东潍坊,化工,51
954,19,杨迎春、杨乐父子,68,-9%,金禾实业,安徽滁州,化工,"58, 33"
954,1,张奕龄,68,-13%,鄂尔多斯,内蒙古鄂尔多斯,羊绒、煤电、冶金、房地产,42
954,1,赵魁,68,-13%,鄂尔多斯,内蒙古鄂尔多斯,羊绒、煤电、冶金、房地产,62
965,8,韩真发,67,-11%,正业,北京,地产、投资、农业,69
965,158,陶春风,67,3%,长鸿高科,浙江宁波,高分子材料,55
965,-318,吴永华,67,-39%,安踏,福建厦门,体育用品,52
965,290,谢识才,67,16%,博威合金,浙江宁波,合金材料,61
965,-266,许达来,67,-33%,小米,北京,智能硬件与技术、投资,51
965,-56,张勇,67,-16%,阿里系,浙江杭州,电子商务、金融科技,51
965,158,赵玉乔,67,3%,九江,河北迁安,钢铁、酒店,-
972,-347,戴彬家族,66,-43%,中国地利,北京,商业地产、农业,32
972,225,李世聪家族,66,10%,龙岩,台湾新北,殡葬服务,63
972,1,童文红,66,-12%,阿里系,浙江杭州,电子商务、金融科技,52
972,117,吴昕阳家族,66,-4%,新光三越,台湾台北,房地产,-
972,539,叶活动家族,66,40%,卓越新能,福建龙岩,废油冶炼,51
977,-4,蔡荣军,65,-13%,欧菲光,广东深圳,光电子元器件,50
977,146,陈慧慧,65,0%,南丰,香港,房地产,63
977,-4,陈妙林,65,-13%,开元旅业,浙江杭州,房地产,70
977,146,陈清州、翁丽敏夫妇,65,0%,海能达,广东深圳,专业无线通信设备,"57, 55"
977,67,邓耀升,65,-7%,升域,香港,房地产,36
977,-175,董清波、龑秀惠夫妇,65,-28%,信义,香港,玻璃,"59, -"
977,53,杜越新,65,-12%,嘉德,北京,投资、拍卖,-
977,209,洪水树家族,65,5%,可成科技,台湾台南,设备制造,63
977,146,胡晓军、徐为夫妇,65,0%,华夏航空,广东深圳,航空,"61, 60"
977,220,江黎明,65,8%,利泰,广东佛山,汽车经销,-
977,-4,李建华、李晓奇父女,65,-13%,威华,广东广州,地板,"69, -"
977,-4,李文美、王继华夫妇,65,-13%,万孚生物,广东广州,快速诊断试剂,"60, 60"
977,380,李咏怡家族,65,23%,粤丰环保,广东东莞,环保,47
977,125,李玉国家族,65,-3%,九台,北京,投资、房地产,63
977,549,李志远、靖宇清夫妇,65,41%,金盘科技,海南海口,变压器,"67, 60"
977,-175,梁美珍家族,65,-28%,捷佳伟创,广东深圳,半导体设备,48
977,725,林集永,65,63%,慕思,广东东莞,床垫,52
977,422,刘洪林,65,30%,三木,江苏无锡,化工、铜加工、电线电缆,71
977,-4,鲁楚平、彭惠夫妇,65,-13%,大洋电机,广东中山,工业电机,"57, 54"
977,146,欧亚平,65,0%,百仕达,香港,天然气、房地产,60
977,-278,邱达强,65,-35%,富地石油,香港,石油化工,60
977,220,阙伟东家族,65,8%,确成股份,江苏无锡,硅化工,54
977,-68,沈波,65,-19%,分布式资本,上海,投资,59
977,138,沈晋初,65,-2%,ESR,上海,物流,49
977,-278,唐晔,65,-35%,柏楚电子,上海,信息技术,41
977,725,王炳坤,65,63%,慕思,广东东莞,床垫,50
977,-418,王清华,65,-50%,八方股份,江苏苏州,电动车电机,57
977,-278,韦锦坤、韦利东父子,65,-35%,泛微网络,上海,计算机技术,"69, 46"
977,880,吴惠芳,65,81%,永钢,江苏苏州,钢铁,62
977,304,虞纪群、曹佩凤夫妇,65,16%,甬金股份,浙江金华,不锈钢,"60, 59"
977,New,袁江涛,65,New,嘉立创,广东深圳,半导体,-
977,-614,张晖,65,-66%,满帮,江苏南京,运输,44
977,-113,张敬国家族,65,-24%,正商,河南郑州,房地产、投资,59
977,146,郑元豹,65,0%,人民电器,浙江温州,工业电器、房地产、投资,64
977,-211,钟培峰家族,65,-32%,晶晨股份,上海,电子,59
977,-68,周俊雄、卢家红夫妇,65,-19%,利元亨,广东惠州,精密自动化设备,"51, 43"
977,422,周骏,65,30%,景田,广东深圳,饮料,-
977,1063,周旭明家族,65,103%,科思股份,江苏南京,化学品原料,49
977,New,周延,65,New,艾美疫苗,辽宁沈阳,疫苗,57
977,422,祝恩福、周岳陵夫妇,65,30%,凯美特气,湖南岳阳,化工、液体二氧化氮,"60, 59"
977,-437,庄奎龙家族,65,-52%,新凤鸣,浙江嘉兴,化纤,60
1018,-459,黄江吉,64,-51%,小米,北京,智能硬件与技术,-
1018,14,贾国龙,64,-12%,西贝,北京,餐饮,55
1018,-459,黎万强,64,-51%,小米,北京,智能硬件与技术,45
1018,1077,廖杰远,64,106%,微医,浙江杭州,医疗服务,-
1018,179,刘载望、富海霞夫妇,64,7%,江河,北京,建筑幕墙,"50, -"
1018,381,卢成,64,28%,农夫山泉,浙江杭州,饮料,-
1018,381,卢晓芙,64,28%,农夫山泉,浙江杭州,饮料,-
1018,381,卢晓苇,64,28%,农夫山泉,浙江杭州,饮料,-
1018,-161,夏曙东,64,-26%,千方科技,北京,智能交通,50
1018,105,徐进,64,-2%,口子窖,安徽淮北,白酒,57
1018,26,张新,64,-9%,特变电工,新疆昌吉,电气机械和器材制造,60
1018,381,钟晓晓,64,28%,农夫山泉,浙江杭州,饮料,-
1030,-353,曹晓春,63,-40%,泰格医药,浙江杭州,医药,53
1030,-228,黄卫斌,63,-30%,火星人,浙江嘉兴,集成灶,55
1030,-331,孔维,63,-37%,百克生物,吉林长春,疫苗,57
1030,-490,楼柏良,63,-53%,康龙化成,北京,生物医药,59
1030,225,乔玉华,63,9%,双欣,内蒙古鄂尔多斯,煤炭、热电、化工,56
1030,14,苏增福家族,63,-10%,苏泊尔,浙江杭州,厨具、投资,82
1030,937,张国山家族,63,85%,同飞,河北三河,电气设备,63
1030,316,朱善玉,63,17%,伟明环保,浙江温州,垃圾发电,58
1038,-236,程先锋,62,-31%,亿帆鑫富,浙江杭州,医药,54
1038,-236,卢竑岩,62,-31%,吉比特,福建厦门,网络技术,45
1038,64,宋薇、李阳谷母子,62,-7%,谱尼测试,北京,综合性检测机构,"54, -"
1038,-361,王淑敏,62,-41%,北摩高科,北京,航空装备制造,65
1038,445,于晓宁、韩丽梅夫妇,62,29%,道恩,山东烟台,高分子材料,"55, 50"
1038,236,袁金华,62,9%,三一,湖南长沙,重型机械,63
1038,64,张恭运,62,-7%,豪迈科技,山东潍坊,机械制造,59
1038,85,周金辉,62,-5%,中赫,北京,房地产、体育,-
1046,151,单建明、鲍凤娇夫妇,61,2%,美欣达,浙江湖州,纺织、房地产、投资,"62, -"
1046,New,乔志涌家族,61,New,侨源股份,四川成都,液态气体,58
1046,77,王锦华、宋英夫妇,61,-6%,金石资源,浙江杭州,矿产,"59, 54"
1046,43,文剑平,61,-12%,碧水源,北京,污水处理,60
1050,-6,AllanWarburg王沛德,60,-14%,绫致时装,北京,服装零售,56
1050,-6,DanFriis丹飞,60,-14%,绫致时装,北京,服装零售,58
1050,-284,安旭,60,-37%,斯莱克,江苏苏州,包装材料,59
1050,-351,蔡浩、杨雪艳夫妇,60,-40%,中信博,江苏苏州,光伏支架,"51, 36"
1050,New,蔡志坚,60,New,尚乘数科,香港,金融投资,44
1050,147,陈生,60,0%,天地壹号,广东江门,饮料,60
1050,-445,陈智胜,60,-50%,药明生物,江苏无锡,生物医药,49
1050,-351,程涌、贺波夫妇,60,-40%,奥士康,广东深圳,高密度印制电路板,"48, 51"
1050,652,崔维星,60,50%,德邦快递,上海,快递,52
1050,-193,戴立忠,60,-31%,圣湘生物,湖南长沙,医药制造业,54
1050,349,丁建峰家族,60,20%,晨光新材,江西九江,新材料,59
1050,224,范秀莲、杨飞母女,60,5%,海思科,辽宁沈阳,医药,"59, -"
1050,147,韩国龙家族,60,0%,冠城大通,福建福州,房地产、手表,67
1050,-6,韩宏伟、韩啸父子,60,-14%,贵酒、海银财富,上海,白酒、金融,"57, 33"
1050,-81,黄山,60,-21%,财富趋势,广东深圳,金融软件,52
1050,-193,黄善兵家族,60,-31%,捷捷微电,江苏南通,半导体器件,66
1050,New,黄婉茹,60,New,联泰,广东汕头,基础建设、房地产,49
1050,-6,霍焱,60,-14%,卡普拉投资,英国伦敦,对冲基金,54
1050,205,江淦钧,60,3%,索菲亚,广东广州,家具,58
1050,-77,蒋锦志,60,-20%,景林资产,上海,投资,-
1050,-538,蒋伟、游捷夫妇,60,-57%,昊海生物,上海,生物医药,"58, 60"
1050,73,李成辉家族,60,-8%,联合,香港,投资,53
1050,39,李俊田,60,-13%,汇川技术,广东深圳,工业自动化产品,47
1050,-248,李民、李晓昱夫妇,60,-33%,海优新材,上海,高分子薄膜,"51, 49"
1050,-351,梁建坤、梁杰父子,60,-40%,寒锐钴业,江苏南京,钴业,"61, 38"
1050,-491,林中家族,60,-54%,旭辉,上海,房地产,54
1050,44,刘宝林,60,-12%,九州通,湖北武汉,医药流通,69
1050,-6,刘国伟,60,-14%,汇川技术,广东深圳,工业自动化产品,50
1050,247,刘昊、刘蕾夫妇,60,9%,奥海科技,广东东莞,充电器,"46, 43"
1050,753,刘建波,60,58%,东威科技,江苏苏州,工业设备,43
1050,-373,吕大龙,60,-43%,韦尔股份,上海,半导体,60
1050,-6,吕义雄,60,-14%,上美,上海,化妆品,45
1050,145,马成喜,60,-2%,现代,天津,房地产,66
1050,247,钱鹏鹤,60,9%,移远通信,上海,通信设备,50
1050,-284,施清岛家族,60,-37%,台华新材,浙江嘉兴,纺织材料,57
1050,-77,孙永根,60,-20%,天圣控股,浙江绍兴,化纤,51
1050,-351,汪群斌,60,-40%,复星,上海,投资,53
1050,-77,王俊,60,-20%,碳云、华大基因,广东深圳,医疗大数据、基因检测,46
1050,-351,王铭祥、周一峰夫妇,60,-40%,东华能源,江苏南京,石油化工,44
1050,205,杨龙忠,60,3%,比亚迪,广东深圳,汽车、充电电池,56
1050,-6,姚其湧,60,-14%,宏兆,广东深圳,投资,58
1050,-141,尤金焕,60,-25%,华峰,浙江温州,化工、铝业、投资,-
1050,-186,张镇潮,60,-29%,税友股份,浙江杭州,财税软件,55
1050,52,甄荣辉,60,-10%,51job,上海,互联网服务,60
1050,574,郑志国,60,40%,奥翔药业,浙江台州,医药,51
1050,147,钟英武,60,0%,趣加科技,湖南长沙,游戏,37
1050,-291,周富裕、唐建芳夫妇,60,-38%,周黑鸭,湖北武汉,食品,"47, -"
1050,136,庄辰超,60,-3%,斑马投资,北京,投资,46
1050,New,邹伟民、陈敏夫妇,60,New,传艺科技,江苏扬州,消费电子零部件,"53, -"
1099,-64,曹德风、孟海蒂夫妇,59,-18%,佳格,台湾台北,食品,"77, -"
1099,-297,车冯升,59,-34%,四环医药,北京,医药,60
1099,198,陈海斌,59,7%,迪安诊断,浙江杭州,医疗服务、医疗器械,53
1099,-55,彭翼捷,59,-16%,阿里系,浙江杭州,电子商务、金融科技,43
1099,16,涂建华,59,-11%,广联达,北京,软件与信息服务,53
1099,98,王坚,59,-2%,阿里系,浙江杭州,电子商务、金融科技,60
1099,182,徐子泉、康宁夫妇,59,5%,捷成,北京,软件与信息服务,"67, -"
1099,-333,叶标、胡金莲夫妇,59,-38%,浙富控股,浙江杭州,清洁能源装备,"52, 50"
1099,274,周明华,59,13%,华海药业,浙江台州,医药,58
1108,291,丹宏家族,58,16%,五得利,河北邯郸,面粉,-
1108,-306,李义升、杨延夫妇,58,-36%,金辰股份,辽宁营口,智能装备,"51, 47"
1108,New,罗宇浩,58,New,昱能科技,浙江嘉兴,光伏逆变器,49
1108,New,姚毅、杨艺夫妇,58,New,凌云光,北京,消费电子,"57, 52"
1112,-158,耿殿根,57,-28%,光环新网,北京,电信运营,66
1112,61,韩汇如,57,-11%,东方铁塔,山东青岛,钢结构产品,46
1112,New,吉英存,57,New,经纬恒润,北京,汽车电子产品,57
1112,-68,李琼,57,-19%,昆仑万维,北京,互联网游戏、投资,45
1112,-346,林志雄,57,-40%,大博医疗,福建厦门,医疗器械,49
1112,-203,孙俊良、孙恒父子,57,-29%,陕西恒源,陕西榆林,煤炭,"59, 34"
1112,-10,王坤晓,57,-15%,杰瑞石油,山东烟台,石油专用设备,53
1112,New,王跃旦家族,57,New,富佳实业,浙江宁波,家用电器,69
1112,-77,杨元庆,57,-21%,联想,北京,计算机服务、投资,58
1112,185,张果喜,57,4%,果喜,香港,玉矿、木雕、地产,70
1112,-80,周儒欣、周光宇父子,57,-22%,北斗星通,北京,卫星导航设备,"59, 30"
1123,403,郭春萱,56,22%,瑞丰新材,河南新乡,化工,76
1123,0,王帅,56,-14%,阿里系,浙江杭州,电子商务、金融科技,47
1123,158,张朝阳,56,0%,搜狐,北京,门户网站、娱乐,58
1123,New,郑勇军,56,New,广立微,浙江杭州,半导体,51
1127,70,陈礼明,55,-8%,昌明,广东东莞,酒店管理,-
1127,-4,陈润光、陈健民父子,55,-15%,光大地产,广东东莞,房地产,"69, -"
1127,170,董增平,55,0%,思源电气,上海,输配电设备,52
1127,-263,范敏华、朱小平夫妇,55,-35%,普利制药,海南海口,医药,"61, 68"
1127,699,顾轶,55,49%,奕瑞科技,上海,X线探测仪,54
1127,170,韩敬远、韩力父子,55,0%,津西,河北唐山,钢铁、房地产,"66, 35"
1127,46,何伯权,55,-14%,今日投资,广东深圳,投资,62
1127,-4,胡晓明,55,-15%,阿里系,浙江杭州,电子商务、金融科技,52
1127,272,胡新荣,55,10%,新益昌,广东深圳,电气设备,50
1127,-4,黄健,55,-15%,美的,广东佛山,家电制造,55
1127,417,黄伟常家族,55,22%,六福,香港,零售,71
1127,-325,黄旭,55,-39%,瑞芯微,福建福州,集成电路,55
1127,-25,黄正聪,55,-18%,视源,香港,消费电子,55
1127,New,金亮,55,New,天顺风能,江苏苏州,风电设备,45
1127,-85,李朝旺,55,-23%,维达国际,香港,卫生用品,64
1127,-615,李红京,55,-61%,道通科技,广东深圳,汽车智能诊断设备,54
1127,384,李建国、蒋鹂北夫妇,55,17%,润建股份,广西南宁,通信技术服务商,"58, 49"
1127,-428,李胥兵,55,-45%,吉利,浙江杭州,汽车制造,-
1127,-154,林启彬家族,55,-27%,英利汽车,吉林长春,汽车零配件,69
1127,-83,刘国本,55,-21%,骆驼股份,湖北襄阳,蓄电池,78
1127,230,刘海燕,55,4%,大陆希望,四川成都,机械电气、能源化工、房地产,-
1127,-218,刘冀鲁、刘凌云父女,55,-31%,顺丰,香港,快递,"75, 46"
1127,-154,刘江,55,-27%,贵州燃气,北京,城市燃气,54
1127,70,刘迎新,55,-8%,汇川技术,广东深圳,工业自动化产品,52
1127,70,刘远炳,55,-8%,美林基业,广东广州,房地产,56
1127,170,吕中楼,55,0%,沁和能源,山西晋城,煤炭,57
1127,-154,马斌、陈小琴夫妇,55,-27%,神马,江苏南通,电气机械和器材,"51, 54"
1127,128,孟庆南家族,55,-5%,武汉凡谷,湖北武汉,通信设备元件,64
1127,70,莫浩棠家族,55,-8%,三正,广东东莞,房地产、投资,55
1127,46,乔鲁予,55,-14%,劲嘉,广东深圳,包装及印刷,66
1127,170,邱文生,55,0%,华勤技术,上海,手机设计,-
1127,New,饶军,55,New,Confluent,美国,软件服务,-
1127,-4,饶微家族,55,-15%,新产业,广东深圳,医疗器械,58
1127,356,佘英杰,55,15%,新豪国际,香港,电子设备制造,65
1127,560,石平湘、石思慧父女,55,34%,华特气体,广东佛山,工业气体,"74, 44"
1127,-218,束小龙、董雪夫妇,55,-31%,老乡鸡,安徽合肥,餐饮,"34, -"
1127,-12,孙永辉,55,-17%,视源,广东广州,消费电子,51
1127,-480,屠永军家族,55,-50%,天宇药业,浙江台州,医药,59
1127,575,万柏方家族,55,38%,图南股份,江苏镇江,合金材料,54
1127,-172,王强翔,55,-29%,共创草坪,江苏淮安,人造草坪,51
1127,-12,王毅然,55,-17%,视源,广东广州,消费电子,42
1127,-4,吴礼淦家族,55,-15%,沪电股份,上海,印制电路板,81
1127,59,伍超群家族,55,-11%,千禾味业,四川眉山,食品,53
1127,417,肖铿家族,55,22%,可立克,广东深圳,变压器电子元件,50
1127,-92,谢秉政、冯玲玲夫妇,55,-24%,比音勒芬,广东广州,服装,"53, 49"
1127,246,谢剑辉,55,6%,富兴,湖南长沙,房地产、汽车销售、投资,-
1127,-328,谢可滔,55,-40%,中教,香港,教育,58
1127,-12,徐小平,55,-17%,真格,北京,投资,66
1127,-328,于果,55,-40%,中教,香港,教育,60
1127,995,余惠勇、徐艳林夫妇,55,83%,百果园,广东深圳,水果零售,"54, 53"
1127,New,袁帅,55,New,莉莉丝,上海,游戏,35
1127,70,张佛恩,55,-8%,龙泉,广东东莞,房地产,70
1127,New,张国良,55,New,中复神鹰,江苏连云港,碳纤维,66
1127,New,张昊,55,New,莉莉丝,上海,游戏,35
1127,872,张积敏,55,67%,青山控股,浙江温州,不锈钢,59
1127,774,张学武,55,57%,盐津铺子,湖南长沙,食品制造,48
1127,-480,赵林、彭心夫妇,55,-50%,奈雪的茶,广东深圳,食品饮料,"42, 34"
1127,170,赵满堂家族,55,0%,盛达,甘肃天水,矿业、酒店,62
1127,70,邹锡昌,55,-8%,昌盛,广东广州,房地产,58
1127,575,左晶,55,38%,绿的谐波,江苏苏州,机器人零部件,57
1127,575,左昱昱,55,38%,绿的谐波,江苏苏州,机器人零部件,52
1188,278,陈茂春,54,10%,兴华财富,河北邯郸,钢铁,70
1188,-386,林志军,54,-40%,大博医疗,福建厦门,医疗器械,47
1188,-489,秦庆平家族,54,-46%,金能科技,山东德州,煤化工,59
1188,-144,任元林、任乐天父子,54,-23%,扬子江船业,江苏无锡,造船,"69, -"
1192,-69,方隽云、方骥柠父女,53,-18%,洁美科技,浙江湖州,电子元器件,"58, 32"
1192,5,傅梅城,53,-12%,华策影视,浙江杭州,影视传媒,65
1192,291,葛尧伦家族,53,10%,海利尔,山东青岛,农药,61
1192,154,胡季强,53,-2%,康恩贝,浙江杭州,医药,61
1192,New,李仙华,53,New,晶科能源,江西上饶,太阳能,48
1192,432,肖争强,53,23%,新强联,河南洛阳,电子设备制造,51
1192,-219,张勤,53,-29%,圣邦,北京,模拟芯片,52
1192,-6,周逵,53,-15%,红杉,北京,投资,54
1192,165,周文起,53,0%,华北,天津,铜业、房地产,-
1192,-19,周云杰,53,-17%,奥瑞金,北京,包装,61
1202,47,侯永旺,52,-12%,鄂尔多斯,内蒙古鄂尔多斯,羊绒、煤电、冶金、房地产,58
1202,144,金建杭,52,-4%,阿里系,浙江杭州,电子商务、金融科技,53
1202,-158,楼国强、陆小咪夫妇,52,-26%,金田投资,浙江宁波,铜加工、贸易,"65, -"
1202,-5,牟金香,52,-13%,联化科技,浙江台州,化工,68
1202,-229,倪信才,52,-31%,荣盛控股,浙江杭州,化纤,-
1202,-436,吴俊保,52,-45%,中国东方教育,安徽合肥,教育,56
1202,-29,熊晓鸽,52,-19%,IDG资本,北京,投资,67
1202,-87,周亚辉,52,-21%,昆仑万维,北京,互联网游戏、投资,45
1202,-158,左宗申家族,52,-26%,宗申,重庆,摩托车、房地产,69
1211,86,曹积生,51,-7%,益生股份,山东烟台,养殖、饲料,"62, -"
1211,70,樊路远,51,-9%,阿里系,浙江杭州,电子商务、金融科技,49
1211,-246,李军,51,-34%,利亚德,北京,LED,58
1211,162,武卫,51,-2%,阿里系,浙江杭州,电子商务、金融科技,55
1211,476,肖高强,51,24%,新强联,河南洛阳,电子设备制造,49
1211,-14,阎焱,51,-15%,赛富,北京,投资,65
1211,New,尹洪涛、尹士宇父子,51,New,信德新材,辽宁辽阳,新材料,"58, 29"
1211,135,俞思瑛,51,-6%,阿里系,浙江杭州,电子商务、金融科技,47
1211,-25,赵磊家族,51,-18%,五洲特纸,浙江衢州,特种纸,40
1211,-512,郑树生,51,-49%,迪普科技,浙江杭州,软件开发,56
1221,-900,Chen Jingye,50,-76%,冬海集团,新加坡,网络游戏、电商,42
1221,34,毕心德家族,50,-14%,山东赫达,山东淄博,新材料,68
1221,305,曹世如、曹曾俊母子,50,9%,红旗连锁,四川成都,零售连锁,"70, 43"
1221,178,曹曙,50,0%,三六零安全科技,北京,网络信息服务,-
1221,178,曾伟雄、靖慧娟夫妇,50,0%,兰卫医学,上海,医疗诊断,"54, 51"
1221,245,陈成辉,50,2%,科华伟业,福建厦门,电力电子技术,62
1221,178,陈伟林,50,0%,特变电工,新疆昌吉,电气机械和器材制造,-
1221,76,陈小英,50,-9%,申通快递,上海,物流,46
1221,76,陈晓红,50,-9%,广联达,北京,软件与信息服务,54
1221,28,陈义红家族,50,-15%,中国动向,北京,服装,64
1221,-24,陈卓南、陈小娜夫妇,50,-17%,雅居乐,广东广州,房地产,59
1221,-24,陈卓喜、陆燕平夫妇,50,-17%,雅居乐,广东广州,房地产,64
1221,28,陈卓雄、陆丽卿夫妇,50,-15%,雅居乐,广东广州,房地产,65
1221,-639,程维,50,-60%,滴滴出行,北京,生活服务平台,39
1221,-312,代田田,50,-38%,柏楚电子,上海,激光切割控制系统,39
1221,New,戴震,50,New,能链,山东青岛,充电服务,44
1221,New,单一刚,50,New,贝壳,北京,房地产服务,49
1221,New,丁会,50,New,嘉立创,广东深圳,半导体,-
1221,New,丁会响,50,New,嘉立创,广东深圳,半导体,-
1221,245,冬瑞芹、付嵩洋母子,50,2%,瑞丰钢铁,河北唐山,钢铁,"60, -"
1221,290,何金碧、张春玲夫妇,50,6%,迈科,陕西西安,有色金属贸易、投资,-
1221,-312,何思模,50,-38%,易事特,广东东莞,电源装备,57
1221,-248,何新明、何颖父女,50,-33%,东鹏,广东佛山,建筑陶瓷,"67, 36"
1221,34,胡鹍辉,50,-14%,亚辉龙,广东深圳,生物科技,31
1221,-24,胡一平,50,-17%,德信地产,浙江杭州,房地产,56
1221,-177,黄崇胜、林胜枝夫妇,50,-29%,怡球资源,江苏苏州,铝合金锭,"65, 59"
1221,262,黄向墨家族,50,4%,玉湖,香港,房地产、投资,53
1221,New,黄振达,50,New,联泰,广东汕头,基础建设、房地产,75
1221,178,柯炳华,50,0%,科博达,上海,汽车电子产品,53
1221,262,柯磊,50,4%,科博达,上海,汽车电子产品,37
1221,819,李东飞,50,56%,纳思达,广东珠海,打印设备,61
1221,-455,李文斌、何芷韵夫妇,50,-47%,理文造纸,香港,浆纸,"41, -"
1221,-455,李文俊,50,-47%,理文造纸,香港,浆纸,51
1221,-248,李学凌,50,-33%,欢聚时代,广东深圳,游戏、语音软件,49
1221,76,李云春,50,-9%,沃森,云南昆明,生物制药,60
1221,-24,李振江家族,50,-17%,神威,河北石家庄,医药,65
1221,New,廖忻愉,50,New,海天味业,广东佛山,调味品,-
1221,New,凌世生、姜学英夫妇,50,New,安旭生物,浙江杭州,生物医药,"50, 49"
1221,-98,刘保起、刘振腾父子,50,-23%,罗欣药业,山东临沂,医药制造业,"61, 36"
1221,-177,刘若鹏,50,-29%,光启,广东深圳,超材料,39
1221,60,刘贞峰,50,-11%,杰瑞石油,山东烟台,石油专用设备,61
1221,-127,罗肇华,50,-26%,郑和资本,香港,投资,56
1221,-312,马瑞敏、马艺芯母女,50,-38%,地素时尚,上海,服装,"57, 31"
1221,76,潘斐莲,50,-9%,中国中免,北京,旅游服务,-
1221,-98,彭浩,50,-23%,信维通信,广东深圳,通信部件,55
1221,-312,彭建华家族,50,-38%,加煌国际,北京,教育,71
1221,New,浦益龙家族,50,New,隆达,江苏无锡,高温合金,61
1221,178,邱达昌、邱吴慧平夫妇,50,0%,远东发展,香港,房地产,"68, -"
1221,34,阮鸿献,50,-14%,一心堂药业,云南昆明,医药,56
1221,-24,邵恒,50,-17%,世纪华通,浙江绍兴,游戏,37
1221,152,施崇棠,50,-4%,华硕,台湾台北,电脑产品,70
1221,290,孙荫环家族,50,6%,亿达,辽宁大连,房地产、软件园,72
1221,-463,覃九三、邓永红夫妇,50,-49%,新宙邦,广东深圳,电子化学品,"55, 53"
1221,34,唐柱学,50,-14%,汇川技术,广东深圳,工业自动化产品,47
1221,245,汪力成,50,2%,华立,浙江杭州,医药、投资,62
1221,178,王春生、吕莉夫妇,50,0%,安洁科技,江苏苏州,绝缘材料,"47, 46"
1221,-312,王佶,50,-38%,世纪华通,浙江绍兴,游戏,51
1221,1177,王军,50,100%,英杰电气,四川德阳,电源设备,59
1221,178,王念强,50,0%,比亚迪,广东深圳,汽车、充电电池,58
1221,New,王硕,50,New,Deel,美国西雅图,企业服务,32
1221,76,王云富、王扬超父子,50,-9%,东港工贸,浙江台州,医药、化工,"60, -"
1221,178,王张兴,50,0%,城市地产,上海,房地产、投资,55
1221,-639,王振东,50,-60%,中公教育,北京,教育,46
1221,-312,吴亦圭家族,50,-38%,台聚,台湾台北,化工,70
1221,-98,吴振兴,50,-23%,海天味业,广东佛山,调味品,53
1221,152,项兴富家族,50,-4%,兴惠化纤,浙江杭州,化纤,59
1221,-419,徐明星,50,-44%,欧科云链,北京,区块链,37
1221,-266,杨才学,50,-36%,新洋丰,湖北荆门,肥料、化学产品,58
1221,New,杨明超,50,New,锅圈食汇,上海,食材超市,50
1221,76,叶华能,50,-9%,宝丽华,广东广州,新能源,69
1221,-98,银鑫,50,-23%,快手科技,北京,传媒娱乐,37
1221,-455,尤小华,50,-47%,华峰,浙江温州,化工、铝业、投资,-
1221,76,袁金钰、袁聪父子,50,-9%,顺络电子,广东深圳,新型电子元件,"66, 38"
1221,-48,张红、张大伟父子,50,-22%,怡合达,广东东莞,自动化设备,"56, -"
1221,1337,张顼,50,117%,高测股份,山东青岛,机械设备,51
1221,-248,张耀垣,50,-33%,碧桂园,广东佛山,房地产,77
1221,178,郑伟鹤、黄荔夫妇,50,0%,同创伟业,广东深圳,投资,"56, 53"
1221,-616,钟志平,50,-58%,创科实业,香港,消费品,69
1221,403,周福贵,50,16%,三一,湖南长沙,重型机械,60
1221,-35,周华松、吴文利夫妇,50,-19%,松霖科技,福建厦门,淋浴设备,"56, 54"
1221,34,周继伟,50,-14%,亿联网络,福建厦门,通信,60
1221,-24,周俊杰,50,-17%,利元亨,广东惠州,精密自动化设备,44
1221,1177,周英怀,50,100%,英杰电气,四川德阳,电源设备,58
1221,-266,朱海、王金玉夫妇,50,-36%,易瑞生物,广东深圳,生物检测试剂,"49, 48"
1221,New,宗坚、赵静艳夫妇,50,New,菲沃泰,江苏无锡,纳米材料,"51, 47"
